timestamp,cpu_usage,memory_usage,disk_usage
2026-02-22 00:11:29.541046,31.4,77.1,0.8
2026-02-22 00:11:35.894578,26.7,77.1,0.8
2026-02-22 00:14:30.018058,43.9,78.7,0.8
2026-02-22 00:14:33.004669,32.7,77.9,0.8
2026-02-22 00:14:35.999581,40.1,78.2,0.8
2026-02-22 00:14:39.003024,43.4,78.2,0.8
2026-02-22 00:14:42.995583,46.1,78.4,0.8
2026-02-22 00:14:45.028188,57.5,78.4,0.8
2026-02-22 00:14:48.984388,56.8,78.4,0.8
2026-02-22 00:14:52.004179,41.7,78.0,0.8
2026-02-22 00:14:54.987673,42.8,78.2,0.8
2026-02-22 00:14:57.995806,32.2,78.1,0.8
2026-02-22 00:15:00.999418,52.3,78.4,0.8
2026-02-22 00:15:03.988198,30.4,78.6,0.8
2026-02-22 00:15:06.983286,33.8,78.8,0.8
2026-02-22 00:15:09.990281,44.9,79.0,0.8
2026-02-22 00:15:12.984578,37.1,79.4,0.8
2026-02-22 00:15:16.304279,42.5,80.3,0.8
2026-02-22 00:15:18.985734,32.8,80.6,0.8
2026-02-22 00:15:21.986598,39.6,80.7,0.8
2026-02-22 00:15:24.991205,45.3,79.3,0.8
2026-02-22 00:15:27.993456,30.2,79.2,0.8
2026-02-22 00:15:30.989330,53.2,79.1,0.8
2026-02-22 00:15:34.000864,49.1,79.0,0.8
2026-02-22 00:15:36.987252,32.4,78.9,0.8
2026-02-22 00:15:39.988993,43.3,79.2,0.8
2026-02-22 00:15:42.983762,36.1,79.4,0.8
00:16:42,18.3,80.4,0.8
00:17:13,31.9,78.2,0.8
00:17:17,25.0,78.3,0.8
00:17:20,19.5,78.2,0.8
00:17:24,23.7,78.1,0.8
00:17:26,24.7,78.2,0.8
00:17:29,18.1,78.2,0.8
00:17:32,17.0,78.2,0.8
00:17:35,38.4,78.1,0.8
00:17:38,20.0,78.1,0.8
00:17:41,25.1,78.0,0.8
00:17:44,20.8,78.1,0.8
00:17:47,43.8,78.1,0.8
00:17:50,19.7,78.1,0.8
00:17:53,23.6,77.9,0.8
00:17:56,40.9,78.1,0.8
00:17:59,33.6,78.1,0.8
00:18:02,16.1,77.9,0.8
00:18:05,23.4,77.8,0.8
00:18:09,36.7,77.9,0.8
00:18:11,24.7,78.0,0.8
00:18:15,21.8,78.6,0.8
00:18:18,38.3,78.6,0.8
00:18:20,21.9,78.4,0.8
00:18:23,17.7,78.3,0.8
00:18:27,18.1,78.2,0.8
00:18:30,34.8,78.6,0.8
00:18:32,24.9,78.7,0.8
00:18:35,30.4,79.1,0.8
00:18:39,50.5,79.5,0.8
00:18:41,28.5,80.1,0.8
00:18:44,25.1,80.4,0.8
00:18:48,26.0,80.5,0.8
00:18:50,31.9,80.5,0.8
00:18:53,17.2,80.4,0.8
00:18:56,26.1,77.1,0.8
00:18:59,49.1,76.6,0.8
00:19:02,26.0,76.5,0.8
00:19:05,29.0,77.3,0.8
00:19:09,37.6,78.3,0.8
00:19:14,39.4,78.0,0.8
00:19:17,44.6,78.1,0.8
00:19:20,25.4,78.1,0.8
00:19:23,14.6,78.1,0.8
00:19:26,45.3,78.2,0.8
00:19:29,20.0,78.2,0.8
00:19:32,23.5,78.1,0.8
00:19:35,38.5,78.4,0.8
00:19:38,40.0,78.1,0.8
00:19:41,17.2,78.0,0.8
00:19:45,35.0,78.4,0.8
00:19:47,49.3,78.5,0.8
00:19:50,24.0,78.8,0.8
00:19:53,31.7,79.2,0.8
00:19:57,30.1,80.0,0.8
00:20:00,48.1,80.6,0.8
00:20:02,34.3,80.7,0.8
00:20:05,36.6,81.0,0.8
00:20:08,28.7,81.1,0.8
00:20:11,27.7,78.9,0.8
00:20:15,48.3,78.8,0.8
00:20:20,61.9,79.2,0.8
00:20:23,30.9,79.1,0.8
00:20:26,37.0,79.1,0.8
00:20:29,33.1,78.8,0.8
00:20:32,44.6,78.9,0.8
00:20:35,32.3,78.8,0.8
00:20:38,49.0,78.8,0.8
00:20:41,23.1,78.8,0.8
00:20:44,52.3,78.8,0.8
00:20:47,30.4,78.9,0.8
00:20:50,46.5,78.9,0.8
00:20:53,33.7,79.0,0.8
00:20:56,30.1,79.4,0.8
00:21:00,47.5,79.3,0.8
00:21:02,25.9,79.0,0.8
00:21:05,30.6,79.0,0.8
00:21:09,35.1,79.2,0.8
00:21:12,42.7,79.5,0.8
00:21:14,37.6,79.8,0.8
00:21:17,28.7,80.3,0.8
00:21:20,57.7,80.8,0.8
00:21:23,22.7,81.4,0.8
00:21:27,32.5,81.7,0.8
00:21:30,54.2,81.7,0.8
00:21:32,35.4,79.4,0.8
00:21:35,52.0,79.9,0.8
00:21:40,54.3,79.2,0.8
00:21:43,43.7,79.1,0.8
00:21:46,57.7,80.0,0.8
00:21:49,36.0,79.9,0.8
00:21:52,30.7,80.0,0.8
00:21:55,49.0,79.7,0.8
00:21:58,19.7,79.1,0.8
00:22:01,32.4,79.2,0.8
00:22:04,48.5,79.1,0.8
00:22:07,19.5,79.1,0.8
00:22:10,53.6,78.8,0.8
00:22:13,35.3,78.9,0.8
00:22:16,30.8,78.9,0.8
00:22:20,27.2,78.6,0.8
00:22:22,37.4,78.2,0.8
00:22:25,22.3,78.1,0.8
00:22:28,20.3,78.2,0.8
00:22:32,19.2,78.2,0.8
00:22:34,31.1,78.2,0.8
00:22:37,29.9,78.2,0.8
00:22:41,35.5,78.4,0.8
00:22:43,30.3,78.3,0.8
00:22:46,19.3,78.3,0.8
00:22:49,48.4,78.3,0.8
00:22:52,30.4,78.3,0.9
00:22:55,19.5,78.3,0.9
00:22:58,24.4,78.4,0.9
00:23:02,22.9,78.4,0.9
00:23:04,38.2,78.2,0.9
00:23:07,36.1,78.2,0.9
00:23:11,26.0,78.2,0.9
00:23:22,35.6,79.2,0.9
00:23:25,30.7,79.3,0.9
00:23:28,16.7,79.3,0.9
00:23:31,23.4,78.5,0.9
00:23:34,47.1,78.4,0.9
00:23:37,24.4,78.4,0.9
00:23:40,29.0,78.4,0.9
00:23:43,39.8,78.5,0.9
00:23:46,17.9,78.5,0.9
00:23:49,13.6,78.5,0.9
00:23:52,21.2,78.5,0.9
00:23:55,42.3,78.5,0.9
00:23:58,15.7,78.5,0.9
00:24:01,13.1,78.5,0.9
00:24:04,15.0,78.5,0.9
00:24:07,45.7,78.5,0.9
00:24:10,15.7,78.5,0.9
00:24:13,21.4,78.5,0.9
00:24:16,16.9,78.5,0.9
00:24:19,28.5,78.5,0.9
00:24:22,23.0,78.8,0.9
00:24:25,15.3,78.8,0.9
00:24:28,39.9,78.8,0.9
00:24:31,17.1,78.8,0.9
00:24:34,13.3,78.7,0.9
00:24:37,23.1,78.7,0.9
00:24:40,31.3,78.9,0.9
00:24:43,15.0,78.9,0.9
00:24:46,27.5,78.9,0.9
00:24:49,41.2,78.8,0.9
00:24:52,26.1,78.5,0.9
00:24:55,24.3,78.6,0.9
00:24:58,43.6,78.8,0.9
00:25:01,17.5,78.7,0.9
00:25:04,22.9,78.7,0.9
00:25:07,53.3,78.6,0.9
00:25:10,16.7,78.7,0.9
00:25:13,18.6,78.7,0.9
00:25:16,23.8,78.7,0.9
00:25:19,25.5,78.7,0.9
00:25:22,21.6,78.8,0.9
00:25:25,14.2,78.7,0.9
00:25:28,38.8,78.7,0.9
00:25:31,20.6,78.4,0.9
00:25:34,21.7,78.4,0.9
00:25:37,23.9,78.4,0.9
00:25:40,29.6,78.4,0.9
00:25:43,21.3,78.5,0.9
00:25:46,21.2,78.4,0.9
00:25:49,39.8,78.4,0.9
00:25:52,21.7,78.5,0.9
00:25:55,14.1,78.5,0.9
00:25:58,12.7,78.5,0.9
00:26:01,37.2,78.4,0.9
00:26:04,15.7,78.3,0.9
00:26:07,25.2,78.3,0.9
00:26:10,36.5,78.3,0.9
00:26:13,20.3,78.3,0.9
00:26:16,20.6,78.4,0.9
00:26:19,15.0,78.3,0.9
00:26:22,44.5,78.3,0.9
00:26:25,17.3,78.3,0.9
00:26:28,16.3,78.1,0.9
00:26:31,21.1,78.1,0.9
00:26:34,25.8,78.2,0.9
00:26:37,36.7,78.4,0.9
00:26:40,41.3,80.1,0.9
00:26:43,53.3,80.8,0.9
00:26:46,27.2,80.7,0.9
00:26:49,26.2,80.7,0.9
00:26:52,24.7,80.8,0.9
00:26:55,30.5,82.4,0.9
00:26:58,59.2,84.3,0.9
00:27:01,26.1,83.0,0.9
00:27:04,31.6,81.6,0.9
00:27:07,19.7,81.6,0.9
00:27:10,22.6,81.5,0.9
00:27:13,21.4,81.4,0.9
00:27:17,32.6,81.5,0.9
00:27:20,26.6,81.2,0.9
00:27:23,19.3,81.2,0.9
00:27:26,41.1,80.9,0.9
00:27:29,17.9,80.9,0.9
00:27:32,18.7,80.8,0.9
00:27:36,21.8,80.8,0.9
00:27:38,23.9,80.8,0.9
00:27:41,19.2,81.1,0.9
00:27:44,26.9,81.1,0.9
00:27:48,34.4,81.2,0.9
00:27:50,17.1,81.1,0.9
00:27:53,16.6,81.1,0.9
00:27:56,43.8,81.1,0.9
00:27:59,22.8,81.2,0.9
00:28:02,21.9,81.2,0.9
00:28:05,17.6,81.3,0.9
00:28:08,19.1,81.3,0.9
00:28:11,15.9,80.9,0.9
00:28:15,37.8,80.9,0.9
00:28:17,24.6,80.9,0.9
00:28:20,18.9,80.9,0.9
00:28:23,41.4,80.9,0.9
00:28:26,19.4,80.8,0.9
00:28:29,18.2,80.8,0.9
00:28:33,20.1,80.8,0.9
00:28:35,20.1,80.9,0.9
00:28:38,19.2,80.9,0.9
00:28:41,34.5,80.8,0.9
00:28:44,17.4,80.8,0.9
00:28:47,16.6,80.9,0.9
00:28:51,43.0,81.7,0.9
00:28:53,20.3,81.7,0.9
00:28:57,22.1,81.7,0.9
00:28:59,17.3,81.3,0.9
00:29:03,45.9,81.3,0.9
00:29:05,25.6,81.1,0.9
00:29:09,20.2,81.1,0.9
00:29:11,44.7,81.1,0.9
00:29:14,21.5,81.1,0.9
00:29:17,20.1,81.0,0.9
00:29:21,30.3,81.5,0.9
00:29:24,38.8,81.6,0.9
00:29:27,29.9,81.8,0.9
00:29:30,35.9,82.1,0.9
00:29:33,38.4,82.7,0.9
00:29:35,22.1,83.2,0.9
00:29:39,30.1,83.5,0.9
00:29:42,26.8,83.5,0.9
00:29:45,25.4,83.6,0.9
00:29:47,17.9,83.7,0.9
00:30:17,40.5,83.0,0.9
00:30:18,34.6,83.0,0.9
00:30:21,42.0,83.3,0.9
00:30:24,52.5,82.7,0.9
00:30:27,18.0,82.5,0.9
00:30:30,17.3,82.5,0.9
00:30:33,14.8,82.4,0.9
00:30:36,38.4,82.5,0.9
00:30:39,17.7,82.5,0.9
00:30:42,18.1,82.5,0.9
00:30:45,15.9,82.5,0.9
00:30:48,40.6,82.5,0.9
00:30:51,16.0,82.5,0.9
00:30:54,15.9,82.6,0.9
00:30:57,18.3,82.5,0.9
00:31:00,30.8,82.4,0.9
00:31:03,18.4,82.4,0.9
00:31:06,24.8,82.5,0.9
00:31:09,42.3,82.8,0.9
00:31:12,31.0,83.2,0.9
00:31:15,36.1,83.9,0.9
00:31:18,24.9,83.6,0.9
00:31:21,29.5,83.4,0.9
00:31:24,17.0,83.3,0.9
00:31:27,17.6,83.2,0.9
00:31:30,20.1,83.2,0.9
00:31:33,40.4,83.2,0.9
00:31:36,14.1,83.2,0.9
00:31:39,19.5,83.1,0.9
00:31:42,19.3,83.1,0.9
00:31:45,28.7,83.0,0.9
00:31:48,22.9,83.0,0.9
00:31:51,14.0,83.0,0.9
00:31:54,15.5,83.0,0.9
00:31:57,21.3,82.9,0.9
00:32:00,37.7,82.6,0.9
00:32:03,16.7,82.5,0.9
00:32:06,15.5,82.5,0.9
00:32:09,15.4,82.5,0.9
00:32:12,34.7,82.5,0.9
00:32:15,31.1,82.4,0.9
00:32:18,15.6,82.3,0.9
00:32:21,14.2,82.4,0.9
00:32:24,15.6,82.3,0.9
00:32:27,37.9,82.3,0.9
00:32:30,14.9,82.3,0.9
00:32:33,15.6,82.4,0.9
00:32:36,13.9,82.4,0.9
00:32:39,24.6,82.3,0.9
00:32:42,35.8,82.3,0.9
00:32:45,16.1,82.4,0.9
00:32:48,17.3,82.4,0.9
00:32:51,14.5,82.4,0.9
00:32:54,41.0,82.4,0.9
00:32:57,24.7,82.1,0.9
00:33:00,15.9,82.1,0.9
00:33:03,15.1,82.2,0.9
00:33:06,23.9,82.2,0.9
00:33:10,57.2,82.2,0.9
00:33:12,18.1,82.3,0.9
00:33:15,54.7,83.2,0.9
00:33:19,28.5,84.1,0.9
00:33:21,57.6,84.7,0.9
00:33:24,27.3,84.9,0.9
00:33:27,18.1,85.0,0.9
00:33:30,22.2,84.9,0.9
00:33:33,39.7,84.8,0.9
00:33:37,27.9,84.7,0.9
00:33:39,16.7,84.7,0.9
00:33:42,21.1,84.7,0.9
00:33:45,20.3,84.1,0.9
00:33:48,40.0,84.6,0.9
00:33:51,21.4,84.6,0.9
00:33:54,22.5,84.5,0.9
00:33:57,19.9,82.5,0.9
00:34:01,22.2,80.9,0.9
00:34:03,39.1,76.6,0.9
00:34:06,15.6,76.6,0.9
00:34:09,12.8,76.6,0.9
00:34:12,17.8,76.5,0.9
00:34:42,16.5,76.5,0.9
00:34:56,31.0,77.3,0.9
00:34:57,35.2,77.3,0.9
00:35:00,24.1,77.3,0.9
00:35:03,44.0,77.3,0.9
00:35:06,23.0,77.2,0.9
00:35:09,20.8,77.2,0.9
00:35:12,20.2,77.3,0.9
00:35:15,42.0,77.2,0.9
00:35:18,19.0,77.2,0.9
00:35:21,18.5,77.2,0.9
00:35:24,19.4,77.2,0.9
00:35:27,39.1,77.2,0.9
00:35:30,20.0,77.2,0.9
00:35:33,14.6,77.2,0.9
00:35:36,16.1,77.3,0.9
00:35:39,39.9,77.2,0.9
00:35:42,21.2,77.3,0.9
00:35:45,16.9,77.2,0.9
00:35:48,18.1,77.3,0.9
00:35:51,43.3,77.3,0.9
00:35:54,20.1,77.2,0.9
00:35:57,19.0,77.2,0.9
00:36:00,22.4,77.9,0.9
00:36:03,37.3,77.8,0.9
00:36:06,19.2,77.9,0.9
00:36:09,20.9,77.8,0.9
00:36:12,30.0,77.8,0.9
00:36:15,20.6,77.8,0.9
00:36:18,20.9,77.3,0.9
00:36:21,32.0,77.5,0.9
00:36:24,31.3,77.1,0.9
00:36:27,11.5,77.0,0.9
00:36:30,14.9,76.2,0.9
00:36:33,13.6,76.2,0.9
00:36:36,35.0,76.3,0.9
00:36:39,23.0,76.3,0.9
00:36:42,19.2,76.3,0.9
00:36:45,16.2,76.4,0.9
00:36:48,27.5,76.2,0.9
00:36:51,35.0,76.2,0.9
00:36:54,20.5,77.0,0.9
00:36:57,16.3,77.0,0.9
00:37:00,24.7,77.0,0.9
00:37:03,43.1,76.4,0.9
00:37:06,17.1,76.4,0.9
00:37:09,15.2,76.4,0.9
00:37:12,11.8,76.2,0.9
00:37:15,20.2,76.1,0.9
00:37:18,42.5,76.1,0.9
00:37:21,19.1,76.2,0.9
00:37:24,29.8,76.9,0.9
00:37:27,60.6,77.2,0.9
00:37:30,33.0,77.5,0.9
00:37:33,32.9,78.8,0.9
00:37:36,43.4,79.3,0.9
00:37:39,27.6,79.7,0.9
00:37:42,32.7,80.1,0.9
00:37:46,39.7,80.2,0.9
00:37:48,28.0,80.1,0.9
00:37:51,28.4,79.1,0.9
00:37:54,30.0,79.0,0.9
00:37:57,38.5,78.9,0.9
00:38:00,32.0,78.5,0.9
00:38:03,18.2,78.4,0.9
00:38:06,16.9,78.2,0.9
00:38:09,12.9,78.0,0.9
00:38:12,14.4,77.9,0.9
00:38:15,16.8,77.9,0.9
00:38:18,40.7,77.8,0.9
00:38:21,28.3,77.9,0.9
00:38:24,21.5,77.6,0.9
00:38:27,22.1,77.8,0.9
00:38:30,25.1,77.9,0.9
00:38:33,37.7,77.9,0.9
00:38:36,26.5,77.9,0.9
00:38:39,21.3,77.9,0.9
00:38:42,29.2,78.0,0.9
00:38:45,29.2,77.9,0.9
00:38:48,50.2,77.9,0.9
00:38:51,12.3,77.9,0.9
00:38:54,15.3,77.9,0.9
00:38:57,14.9,77.8,0.9
00:39:00,15.4,77.9,0.9
00:39:03,17.3,77.8,0.9
00:39:06,41.8,77.8,0.9
00:39:09,29.3,77.8,0.9
00:39:12,13.1,77.8,0.9
00:39:15,16.1,77.8,0.9
00:39:18,17.2,77.8,0.9
00:39:21,14.0,77.8,0.9
00:39:24,23.7,77.8,0.9
00:39:27,39.8,77.9,0.9
00:39:30,25.8,77.8,0.9
00:39:33,15.3,77.8,0.9
00:39:36,15.9,77.8,0.9
00:39:39,13.9,77.8,0.9
00:39:42,20.6,77.7,0.9
00:39:45,27.1,77.7,0.9
00:39:48,37.1,77.8,0.9
00:39:51,19.1,77.8,0.9
00:39:54,20.0,77.9,0.9
00:39:57,33.3,78.3,0.9
00:40:00,49.4,78.3,0.9
00:40:03,45.5,79.0,0.9
00:40:06,28.2,79.5,0.9
00:40:09,34.6,79.4,0.9
00:40:12,20.1,79.4,0.9
00:40:15,19.1,79.3,0.9
00:40:18,26.6,79.3,0.9
00:40:21,53.4,78.5,0.9
00:40:24,50.5,78.6,0.9
00:40:27,47.1,78.8,0.9
00:40:30,20.7,78.6,0.9
00:40:33,11.7,78.6,0.9
00:40:36,17.0,78.4,0.9
00:40:39,14.9,77.9,0.9
00:40:42,16.8,78.0,0.9
00:40:45,39.2,78.0,0.9
00:40:48,43.9,78.4,0.9
00:40:51,16.4,78.8,0.9
00:40:54,37.7,78.8,0.9
00:40:57,28.5,78.8,0.9
00:41:00,17.1,78.7,0.9
00:41:03,19.7,78.2,0.9
00:41:06,14.9,78.2,0.9
00:41:09,27.3,78.1,0.9
00:41:12,28.7,78.2,0.9
00:41:15,32.6,78.4,0.9
00:41:18,38.3,78.7,0.9
00:41:21,30.2,78.7,0.9
00:41:24,20.8,78.3,0.9
00:41:27,15.7,78.3,0.9
00:41:30,23.2,78.4,0.9
00:41:33,29.8,78.4,0.9
00:41:36,34.3,78.1,0.9
00:41:39,24.4,78.1,0.9
00:41:42,14.1,78.1,0.9
00:41:45,14.3,78.2,0.9
00:41:48,14.7,78.2,0.9
00:41:51,28.1,78.1,0.9
00:41:54,40.6,78.1,0.9
00:41:57,26.7,78.1,0.9
00:42:00,23.4,78.1,0.9
00:42:03,34.9,77.3,0.9
00:42:06,34.4,77.3,0.9
00:42:09,51.5,78.0,0.9
00:42:12,37.4,78.4,0.9
00:42:15,36.7,78.7,0.9
00:42:18,15.1,78.5,0.9
00:42:21,45.5,78.5,0.9
00:42:24,30.1,78.5,0.9
00:42:27,26.7,78.5,0.9
00:42:30,18.3,78.4,0.9
00:42:33,32.4,78.4,0.9
00:42:36,36.3,78.4,0.9
00:42:39,17.2,78.4,0.9
00:42:42,21.6,78.4,0.9
00:42:45,23.3,78.2,0.9
00:42:48,35.3,78.2,0.9
00:42:51,27.7,78.2,0.9
00:42:54,15.2,78.2,0.9
00:42:57,14.0,78.2,0.9
00:43:00,15.0,78.2,0.9
00:43:04,21.5,78.2,0.9
00:43:06,41.2,78.2,0.9
00:43:09,17.6,78.2,0.9
00:43:12,18.3,78.3,0.9
00:43:15,34.6,78.3,0.9
00:43:18,31.9,78.6,0.9
00:43:21,40.3,78.6,0.9
00:43:24,16.7,78.6,0.9
00:43:27,17.2,78.6,0.9
00:43:30,19.7,78.7,0.9
00:43:33,14.7,78.7,0.9
00:43:36,26.7,78.7,0.9
00:43:39,36.0,78.7,0.9
00:43:42,32.3,78.7,0.9
00:43:45,32.3,78.7,0.9
00:43:48,22.2,78.6,0.9
00:43:51,15.2,78.3,0.9
00:43:54,12.1,78.4,0.9
00:43:57,13.7,78.4,0.9
00:44:00,13.8,78.4,0.9
00:44:03,13.5,78.2,0.9
00:44:06,14.1,78.2,0.9
00:44:09,13.9,78.2,0.9
00:44:12,23.1,78.2,0.9
00:44:15,31.4,78.2,0.9
00:44:18,33.8,78.3,0.9
00:44:21,39.4,78.4,0.9
00:44:24,16.3,78.4,0.9
00:44:27,16.8,78.4,0.9
00:44:30,15.1,78.4,0.9
00:44:33,10.1,78.4,0.9
00:44:36,22.6,78.5,0.9
00:44:39,19.1,78.5,0.9
00:44:42,25.6,78.4,0.9
00:44:45,32.2,78.5,0.9
00:44:48,35.3,78.5,0.9
00:44:51,23.3,78.5,0.9
00:44:54,18.6,78.6,0.9
00:44:57,14.9,78.7,0.9
00:45:00,13.9,78.7,0.9
00:45:03,19.2,78.1,0.9
00:45:06,15.3,78.1,0.9
00:45:09,21.1,78.1,0.9
00:45:12,30.9,78.1,0.9
00:45:15,33.3,78.2,0.9
00:45:18,19.6,78.2,0.9
00:45:21,15.1,78.2,0.9
00:45:24,12.4,78.2,0.9
00:45:27,15.5,78.2,0.9
00:45:30,11.0,78.2,0.9
00:45:33,13.4,78.2,0.9
00:45:36,16.1,78.2,0.9
00:45:39,32.5,78.2,0.9
00:45:42,38.7,78.2,0.9
00:45:45,34.2,78.2,0.9
00:45:48,21.4,78.2,0.9
00:45:51,26.7,78.3,0.9
00:45:54,13.7,78.4,0.9
00:45:57,11.7,78.1,0.9
00:46:00,14.8,78.2,0.9
00:46:03,14.3,78.1,0.9
00:46:06,15.6,78.0,0.9
00:46:09,12.6,78.0,0.9
00:46:12,17.7,78.0,0.9
00:46:15,34.1,78.0,0.9
00:46:18,34.5,78.0,0.9
00:46:21,34.2,76.8,0.9
00:46:24,18.9,76.6,0.9
00:46:27,15.6,76.6,0.9
00:46:30,13.5,76.6,0.9
00:46:33,15.0,76.6,0.9
00:46:36,15.4,76.6,0.9
00:46:39,22.2,77.0,0.9
00:46:42,15.2,76.9,0.9
00:46:45,12.3,76.9,0.9
00:46:49,24.9,77.6,0.9
00:46:52,20.3,77.7,0.9
00:46:54,34.1,77.5,0.9
00:46:57,35.5,77.6,0.9
00:47:00,34.4,77.5,0.9
00:47:03,28.7,77.4,0.9
00:47:07,31.6,76.9,0.9
00:47:10,23.5,76.3,0.9
00:47:13,14.0,76.3,0.9
00:47:16,13.5,76.3,0.9
00:47:18,13.5,76.6,0.9
00:47:21,13.6,75.8,0.9
00:47:24,17.8,75.3,0.9
00:47:27,14.5,75.3,0.9
00:47:30,12.2,75.3,0.9
00:47:33,12.6,75.3,0.9
00:47:36,20.7,75.4,0.9
00:47:43,36.1,75.3,0.9
00:48:42,17.3,75.2,0.9
00:49:43,25.0,73.9,0.9
00:50:42,15.2,75.3,0.9
00:51:27,37.8,75.8,0.9
00:51:28,31.1,75.6,0.9
00:51:30,25.3,75.7,0.9
00:51:33,39.1,75.8,0.9
00:51:36,42.0,75.9,0.9
00:51:39,29.7,76.3,0.9
00:51:42,45.8,77.0,0.9
00:51:45,22.1,77.0,0.9
00:51:48,19.6,77.0,0.9
00:51:51,15.6,77.0,0.9
00:51:54,21.7,77.0,0.9
00:51:57,41.9,77.0,0.9
00:52:00,19.3,77.0,0.9
00:52:03,26.8,78.0,0.9
00:52:06,24.8,78.0,0.9
00:52:09,46.7,77.4,0.9
00:52:12,34.3,77.2,0.9
00:52:15,26.7,77.4,0.9
00:52:18,18.0,77.4,0.9
00:52:21,14.2,77.2,0.9
00:52:24,13.7,77.2,0.9
00:52:27,19.7,77.2,0.9
00:52:30,13.6,77.2,0.9
00:52:33,21.6,77.1,0.9
00:52:36,47.3,77.1,0.9
00:52:39,23.2,76.7,0.9
00:52:42,20.8,76.8,0.9
00:52:45,27.9,76.7,0.9
00:52:48,20.6,76.7,0.9
00:52:51,38.0,76.7,0.9
00:52:54,27.7,76.8,0.9
00:52:57,19.5,76.9,0.9
00:53:00,48.8,76.9,0.9
00:53:03,21.1,76.9,0.9
00:53:06,17.7,76.8,0.9
00:53:09,15.6,76.8,0.9
00:53:12,12.0,76.6,0.9
00:53:15,21.7,76.6,0.9
00:53:18,50.5,76.7,0.9
00:53:21,31.6,76.8,0.9
00:53:24,28.4,76.9,0.9
00:53:27,38.1,77.1,0.9
00:53:30,16.9,77.0,0.9
00:53:33,24.2,77.0,0.9
00:53:36,44.3,77.1,0.9
00:53:39,26.6,77.3,0.9
00:53:42,25.4,77.3,0.9
00:53:45,46.9,77.4,0.9
00:53:48,15.2,77.3,0.9
00:53:51,17.5,77.3,0.9
00:53:54,25.4,76.9,0.9
00:53:57,23.3,76.3,0.9
00:54:00,32.9,76.5,0.9
00:54:03,34.1,76.5,0.9
00:54:06,16.2,76.4,0.9
00:54:09,17.2,76.5,0.9
00:54:12,18.9,76.4,0.9
00:54:15,31.5,76.5,0.9
00:54:18,41.2,76.6,0.9
00:54:21,23.3,76.6,0.9
00:54:24,17.0,76.6,0.9
00:54:27,29.8,76.6,0.9
00:54:30,23.4,76.6,0.9
00:54:33,38.5,76.6,0.9
00:54:36,34.3,76.6,0.9
00:54:39,15.4,76.5,0.9
00:54:42,22.3,76.4,0.9
00:54:45,38.7,76.5,0.9
00:54:48,30.6,76.6,0.9
00:54:51,32.2,76.8,0.9
00:54:54,45.6,76.8,0.9
00:54:57,42.5,77.2,0.9
00:55:00,19.1,77.2,0.9
00:55:03,40.7,77.6,0.9
00:55:06,33.3,77.7,0.9
00:55:09,25.3,77.8,0.9
00:55:12,13.7,77.8,0.9
00:55:15,25.1,77.8,0.9
00:55:18,47.9,77.9,0.9
00:55:21,14.0,78.1,0.9
00:55:24,14.5,78.1,0.9
00:55:27,42.8,78.1,0.9
00:55:30,44.8,77.9,0.9
00:55:33,24.6,77.9,0.9
00:55:36,13.4,77.9,0.9
00:55:39,21.5,78.0,0.9
00:55:42,22.6,77.7,0.9
00:55:45,15.8,77.6,0.9
00:55:48,20.6,77.4,0.9
00:55:51,39.9,77.3,0.9
00:55:54,25.9,77.5,0.9
00:55:57,27.1,77.8,0.9
00:56:00,40.0,77.8,0.9
00:56:03,28.0,77.8,0.9
00:56:06,17.3,77.8,0.9
00:56:09,16.5,77.7,0.9
00:56:12,40.8,77.7,0.9
00:56:15,32.9,77.7,0.9
00:56:18,15.0,77.8,0.9
00:56:21,15.3,77.8,0.9
00:56:24,17.0,77.3,0.9
00:56:27,17.3,77.4,0.9
00:56:30,36.1,77.4,0.9
00:56:33,28.2,77.9,0.9
00:56:36,21.4,77.9,0.9
00:56:39,17.2,77.8,0.9
00:56:42,19.1,77.6,0.9
00:56:45,13.0,77.6,0.9
00:56:48,41.2,77.8,0.9
00:56:51,28.0,77.9,0.9
00:56:54,15.1,78.0,0.9
00:56:57,17.6,77.7,0.9
00:57:00,18.7,77.6,0.9
00:57:03,20.4,77.6,0.9
00:57:06,37.3,77.6,0.9
00:57:09,28.7,77.4,0.9
00:57:12,26.9,77.4,0.9
00:57:15,19.9,77.3,0.9
00:57:18,32.0,77.4,0.9
00:57:21,36.3,76.9,0.9
00:57:24,28.6,77.0,0.9
00:57:27,23.2,77.0,0.9
00:57:30,39.5,77.1,0.9
00:57:33,26.5,77.1,0.9
00:57:36,38.9,77.1,0.9
00:57:39,21.5,77.2,0.9
00:57:42,16.1,76.8,0.9
00:57:45,13.8,77.1,0.9
00:57:48,10.9,77.1,0.9
00:57:51,13.8,77.1,0.9
00:57:54,14.3,77.2,0.9
00:57:57,11.4,77.1,0.9
00:58:00,15.3,77.2,0.9
00:58:03,14.3,77.1,0.9
00:58:06,21.1,77.2,0.9
00:58:09,33.4,77.2,0.9
00:58:12,32.5,77.2,0.9
00:58:15,36.7,77.0,0.9
00:58:18,14.3,77.0,0.9
00:58:21,26.8,77.0,0.9
00:58:24,20.5,77.0,0.9
00:58:27,19.1,76.9,0.9
00:58:30,44.1,76.9,0.9
00:58:33,25.0,76.9,0.9
00:58:36,26.1,76.7,0.9
00:58:39,50.5,76.8,0.9
00:58:42,24.5,76.9,0.9
00:58:45,28.0,76.9,0.9
00:58:48,45.0,77.0,0.9
00:58:51,13.4,77.0,0.9
00:58:54,16.4,77.0,0.9
00:58:57,16.3,77.0,0.9
00:59:00,12.3,77.1,0.9
00:59:03,35.1,77.0,0.9
00:59:06,33.9,76.5,0.9
00:59:09,27.6,76.5,0.9
00:59:12,20.6,76.4,0.9
00:59:15,17.0,76.4,0.9
00:59:18,18.2,76.4,0.9
00:59:21,26.9,76.4,0.9
00:59:24,23.1,76.4,0.9
00:59:27,26.7,76.4,0.9
00:59:30,42.2,76.8,0.9
00:59:33,34.2,76.8,0.9
00:59:36,29.2,76.8,0.9
00:59:39,20.3,76.9,0.9
00:59:42,14.7,76.8,0.9
00:59:45,14.4,76.8,0.9
00:59:48,13.9,76.9,0.9
00:59:51,14.8,76.9,0.9
00:59:54,17.8,77.0,0.9
00:59:57,15.5,77.2,0.9
01:00:00,23.2,76.9,0.9
01:00:03,33.2,77.0,0.9
01:00:06,39.5,77.0,0.9
01:00:09,21.2,77.1,0.9
01:00:12,52.6,77.4,0.9
01:00:15,36.7,77.5,0.9
01:00:18,28.2,78.2,0.9
01:00:21,18.7,78.5,0.9
01:00:24,38.5,78.6,0.9
01:00:27,21.4,78.5,0.9
01:00:30,14.3,78.6,0.9
01:00:33,12.6,78.4,0.9
01:00:36,13.5,78.4,0.9
01:00:39,23.6,78.4,0.9
01:00:42,33.3,78.3,0.9
01:00:45,34.9,78.2,0.9
01:00:48,25.5,78.0,0.9
01:00:51,14.3,78.1,0.9
01:00:54,15.3,78.1,0.9
01:00:57,18.9,78.0,0.9
01:01:00,36.1,77.8,0.9
01:01:03,29.5,77.9,0.9
01:01:06,15.6,77.8,0.9
01:01:09,13.1,77.8,0.9
01:01:12,14.3,77.7,0.9
01:01:15,13.9,77.7,0.9
01:01:18,19.4,77.6,0.9
01:01:21,47.8,77.7,0.9
01:01:24,29.7,77.5,0.9
01:01:27,23.9,77.3,0.9
01:01:30,13.4,77.1,0.9
01:01:33,11.4,77.1,0.9
01:01:36,14.5,77.4,0.9
01:01:39,14.9,77.3,0.9
01:01:42,17.9,77.3,0.9
01:01:45,21.0,77.4,0.9
01:01:48,32.3,77.4,0.9
01:01:51,34.1,77.4,0.9
01:01:54,27.3,77.5,0.9
01:01:57,15.2,77.5,0.9
01:02:00,12.8,77.5,0.9
01:02:03,19.7,77.5,0.9
01:02:06,12.3,77.2,0.9
01:02:09,16.9,77.1,0.9
01:02:12,25.6,76.5,0.9
01:02:15,32.4,75.8,0.9
01:02:18,34.3,75.7,0.9
01:02:21,26.8,75.7,0.9
01:02:24,24.1,76.0,0.9
01:02:27,16.2,76.0,0.9
01:02:30,14.1,75.9,0.9
01:02:33,18.4,75.9,0.9
01:02:36,16.5,75.9,0.9
01:02:39,37.9,76.1,0.9
01:02:42,25.1,76.1,0.9
01:02:45,11.7,76.1,0.9
01:02:48,19.1,76.1,0.9
01:02:51,15.0,76.2,0.9
01:02:54,12.5,76.2,0.9
01:02:57,15.1,76.0,0.9
01:03:01,26.7,76.0,0.9
01:03:03,33.6,76.1,0.9
01:03:06,36.0,76.4,0.9
01:03:09,33.7,76.3,0.9
01:03:13,21.3,76.3,0.9
01:03:15,15.6,77.2,0.9
01:03:18,22.9,77.3,0.9
01:03:21,14.6,77.4,0.9
01:03:24,14.9,77.3,0.9
01:03:27,11.5,77.2,0.9
01:03:31,14.7,77.0,0.9
01:03:34,22.9,77.0,0.9
01:03:36,36.2,76.9,0.9
01:03:39,35.5,76.9,0.9
01:03:43,31.3,76.9,0.9
01:03:46,20.5,77.2,0.9
01:03:49,35.8,77.9,0.9
01:03:51,37.5,78.7,0.9
01:03:54,19.0,78.3,0.9
01:03:57,17.6,78.4,0.9
01:04:00,16.4,78.2,0.9
01:04:04,14.9,78.1,0.9
01:04:07,31.7,78.1,0.9
01:04:10,38.9,77.8,0.9
01:04:13,31.9,78.4,0.9
01:04:15,39.9,78.7,0.9
01:04:18,24.0,79.0,0.9
01:04:21,26.4,79.6,0.9
01:04:25,21.6,80.3,0.9
01:04:28,53.2,81.5,0.9
01:04:30,45.9,82.1,0.9
01:04:33,44.3,82.4,0.9
01:04:37,31.6,82.5,0.9
01:04:39,22.5,79.5,0.9
01:04:42,21.2,79.8,0.9
01:04:45,26.8,79.1,0.9
01:04:48,10.8,79.2,0.9
01:04:51,13.2,79.2,0.9
01:04:54,13.8,79.6,0.9
01:04:57,22.5,80.1,0.9
01:05:00,31.7,80.3,0.9
01:05:03,27.6,80.3,0.9
01:05:06,27.1,80.3,0.9
01:05:09,36.2,80.2,0.9
01:05:13,15.8,79.7,0.9
01:05:22,25.7,79.1,0.9
01:05:25,13.9,79.7,0.9
01:05:28,23.4,79.9,0.9
01:05:31,16.5,79.7,0.9
01:05:34,17.4,79.6,0.9
01:05:37,15.0,79.6,0.9
01:05:40,14.9,79.2,0.9
01:05:44,26.6,79.1,0.9
01:05:47,35.2,78.9,0.9
01:05:50,23.0,79.2,0.9
01:05:52,15.8,79.2,0.9
01:05:55,13.1,79.1,0.9
01:05:58,12.2,78.9,0.9
01:06:01,13.5,78.9,0.9
01:06:04,15.2,79.0,0.9
01:06:07,15.4,79.3,0.9
01:06:10,13.0,79.3,0.9
01:06:13,19.6,79.0,0.9
01:06:16,15.7,78.9,0.9
01:06:21,10.7,78.6,0.9
01:06:24,9.3,78.3,0.9
01:06:27,6.8,78.2,0.9
01:06:30,7.2,78.2,0.9
01:06:33,6.9,78.3,0.9
01:06:36,6.9,78.3,0.9
01:06:39,9.0,78.3,0.9
01:06:42,13.2,78.3,0.9
01:06:45,9.3,78.3,0.9
01:06:48,6.3,78.3,0.9
01:06:51,5.6,78.3,0.9
01:06:54,5.2,78.3,0.9
01:06:57,11.6,78.2,0.9
01:07:00,16.6,78.3,0.9
01:07:03,24.7,78.3,0.9
01:07:06,25.8,78.3,0.9
01:07:10,19.5,78.4,0.9
01:07:12,41.5,77.7,0.9
01:07:15,27.3,77.5,0.9
01:07:19,15.0,77.4,0.9
01:07:21,27.0,77.4,0.9
01:07:24,35.0,77.8,0.9
01:07:27,34.9,77.8,0.9
01:07:30,39.0,77.9,0.9
01:07:34,45.7,78.2,0.9
01:07:37,35.1,78.8,0.9
01:07:40,15.9,79.2,0.9
01:07:42,14.3,79.2,0.9
01:07:45,11.8,79.0,0.9
01:07:48,16.8,79.2,0.9
01:07:51,35.5,79.5,0.9
01:07:55,22.1,79.4,0.9
01:07:57,36.0,79.5,0.9
01:08:00,38.7,79.9,0.9
01:08:04,34.4,80.9,0.9
01:08:06,31.9,80.9,0.9
01:08:42,13.6,79.4,0.9
01:09:42,31.6,78.1,0.9
01:09:45,28.5,78.3,0.9
01:09:49,46.6,78.3,0.9
01:09:53,29.5,78.3,0.9
01:09:55,32.2,78.8,0.9
01:09:58,23.8,79.0,0.9
01:10:01,12.2,78.9,0.9
01:10:04,17.0,78.8,0.9
01:10:07,13.8,78.8,0.9
01:10:10,12.8,78.8,0.9
01:10:13,12.7,78.8,0.9
01:10:16,25.0,78.8,0.9
01:10:19,31.0,78.8,0.9
01:10:22,27.2,78.8,0.9
01:10:25,15.6,78.5,0.9
01:10:28,10.3,78.5,0.9
01:10:31,13.4,78.4,0.9
01:10:34,11.4,78.1,0.9
01:10:37,12.9,78.1,0.9
01:10:40,16.3,78.1,0.9
01:10:44,21.2,78.3,0.9
01:10:46,36.8,78.6,0.9
01:10:49,31.1,78.6,0.9
01:10:52,29.7,78.5,0.9
01:10:55,27.5,78.4,0.9
01:10:58,35.6,78.3,0.9
01:11:01,31.4,78.3,0.9
01:11:04,29.0,78.5,0.9
01:11:07,16.0,78.5,0.9
01:11:10,12.2,78.5,0.9
01:11:13,12.9,78.5,0.9
01:11:16,11.6,78.2,0.9
01:11:19,9.2,78.1,0.9
01:11:23,20.5,77.8,0.9
01:11:25,28.2,77.8,0.9
01:11:28,29.7,77.8,0.9
01:11:31,17.7,77.9,0.9
01:11:34,10.5,77.8,0.9
01:11:37,17.2,77.9,0.9
01:11:40,30.2,78.0,0.9
01:11:43,14.2,78.0,0.9
01:11:46,18.8,78.0,0.9
01:11:49,25.8,78.0,0.9
01:11:52,27.4,78.0,0.9
01:11:55,27.7,78.0,0.9
01:11:59,23.0,78.9,0.9
01:12:01,25.5,78.9,0.9
01:12:04,21.4,78.8,0.9
01:12:07,13.5,78.6,0.9
01:12:10,13.0,78.5,0.9
01:12:13,27.3,78.3,0.9
01:12:16,30.3,78.4,0.9
01:12:19,34.9,78.4,0.9
01:12:22,30.1,78.5,0.9
01:12:25,32.0,78.5,0.9
01:12:28,30.6,78.7,0.9
01:12:31,15.1,78.7,0.9
01:12:34,14.6,78.6,0.9
01:12:37,41.3,78.8,0.9
01:12:40,32.9,78.8,0.9
01:12:43,28.6,78.9,0.9
01:12:46,34.1,78.6,0.9
01:12:50,27.2,78.7,0.9
01:12:52,25.9,78.7,0.9
01:12:55,9.4,78.7,0.9
01:12:58,22.5,78.7,0.9
01:13:01,22.4,78.8,0.9
01:13:04,27.9,78.6,0.9
01:13:07,24.9,78.8,0.9
01:13:10,28.9,78.8,0.9
01:13:13,34.7,78.9,0.9
01:13:16,43.3,79.1,0.9
01:13:19,14.8,79.0,0.9
01:13:22,24.6,79.3,0.9
01:13:25,18.6,79.3,0.9
01:13:28,20.7,79.3,0.9
01:13:31,24.2,79.3,0.9
01:13:34,28.3,79.4,0.9
01:13:37,23.9,79.2,0.9
01:13:40,16.0,79.2,0.9
01:13:43,22.6,79.2,0.9
01:13:46,17.9,79.1,0.9
01:13:49,18.7,79.1,0.9
01:13:52,30.1,78.9,0.9
01:13:55,25.9,78.7,0.9
01:13:58,30.9,78.7,0.9
01:14:01,40.4,78.8,0.9
01:14:04,32.5,78.8,0.9
01:14:07,33.2,78.8,0.9
01:14:10,22.5,78.7,0.9
01:14:13,18.4,78.7,0.9
01:14:16,12.2,78.6,0.9
01:14:19,10.6,78.7,0.9
01:14:22,18.8,78.7,0.9
01:14:25,12.1,78.4,0.9
01:14:28,25.8,78.5,0.9
01:14:31,20.3,78.9,0.9
01:14:34,12.1,78.8,0.9
01:14:37,12.2,78.8,0.9
01:14:40,15.0,78.3,0.9
01:14:43,12.5,78.3,0.9
01:14:46,16.0,78.5,0.9
01:14:49,27.3,78.6,0.9
01:14:52,30.7,78.7,0.9
01:14:55,28.5,78.8,0.9
01:14:58,27.7,78.7,0.9
01:15:01,25.2,78.4,0.9
01:15:04,33.2,78.4,0.9
01:15:07,27.4,78.4,0.9
01:15:10,26.3,78.6,0.9
01:15:13,13.0,78.5,0.9
01:15:16,13.5,78.5,0.9
01:15:19,15.0,78.4,0.9
01:15:22,11.9,78.5,0.9
01:15:25,11.2,78.5,0.9
01:15:28,10.9,78.5,0.9
01:15:31,14.7,78.5,0.9
01:15:34,9.0,78.5,0.9
01:15:37,8.3,78.5,0.9
01:15:40,4.4,78.8,0.9
01:15:43,15.3,78.9,0.9
01:15:46,5.2,78.9,0.9
01:15:49,8.1,78.9,0.9
01:15:52,9.0,78.8,0.9
01:15:55,7.0,78.9,0.9
01:15:58,6.2,78.7,0.9
01:16:01,9.4,78.7,0.9
01:16:04,9.2,78.7,0.9
01:16:07,7.2,78.7,0.9
01:16:10,7.8,78.4,0.9
01:16:13,9.6,78.4,0.9
01:16:16,13.7,78.5,0.9
01:16:19,17.5,78.6,0.9
01:16:22,17.4,78.5,0.9
01:16:25,13.5,78.4,0.9
01:16:28,8.5,78.3,0.9
01:16:31,8.6,78.3,0.9
01:16:34,5.6,78.3,0.9
01:16:37,9.0,78.3,0.9
01:16:40,5.2,78.3,0.9
01:16:43,8.3,78.4,0.9
01:16:46,6.3,78.5,0.9
01:16:49,20.7,79.0,0.9
01:16:52,8.6,79.1,0.9
01:16:55,15.3,78.9,0.9
01:16:58,14.3,78.9,0.9
01:17:01,8.1,78.9,0.9
01:17:04,10.1,78.8,0.9
01:17:07,14.3,78.9,0.9
01:17:10,10.7,79.1,0.9
01:17:13,26.9,79.3,0.9
01:17:16,10.1,79.4,0.9
01:17:19,8.4,79.4,0.9
01:17:22,12.0,79.0,0.9
01:17:25,15.2,79.0,0.9
01:17:28,20.0,79.4,0.9
01:17:31,30.2,79.4,0.9
01:17:34,15.7,79.4,0.9
01:17:37,11.9,79.3,0.9
01:17:40,18.5,78.8,0.9
01:17:43,14.2,78.8,0.9
01:17:46,17.7,79.2,0.9
01:17:49,17.2,79.2,0.9
01:17:52,21.6,79.2,0.9
01:17:55,18.5,79.3,0.9
01:17:58,21.8,79.3,0.9
01:18:01,17.9,79.2,0.9
01:18:04,11.5,78.7,0.9
01:18:07,14.2,78.7,0.9
01:18:10,15.0,78.7,0.9
01:18:13,15.4,78.7,0.9
01:18:42,10.3,78.6,0.9
01:19:20,37.0,78.7,0.9
01:19:25,19.6,78.0,0.9
01:19:28,10.9,77.9,0.9
01:19:31,18.5,78.3,0.9
01:19:34,19.6,78.3,0.9
01:19:37,22.0,78.4,0.9
01:19:40,13.4,78.5,0.9
01:19:43,9.1,79.0,0.9
01:19:46,9.6,78.8,0.9
01:19:49,13.3,78.8,0.9
01:19:52,15.6,78.9,0.9
01:19:55,17.2,79.3,0.9
01:19:58,14.8,79.6,0.9
01:20:01,24.1,80.3,0.9
01:20:04,27.0,80.3,0.9
01:20:07,29.8,79.9,0.9
01:20:10,23.4,79.9,0.9
01:20:13,19.8,79.4,0.9
01:20:16,20.5,79.4,0.9
01:20:19,12.6,79.4,0.9
01:20:22,24.6,79.5,0.9
01:20:25,27.2,79.4,0.9
01:20:28,28.8,79.4,0.9
01:20:31,12.5,79.3,0.9
01:20:34,11.0,79.3,0.9
01:20:37,16.1,80.0,0.9
01:20:40,25.7,79.9,0.9
01:20:43,24.1,79.7,0.9
01:20:46,15.9,79.9,0.9
01:20:49,18.5,80.0,0.9
01:20:52,18.6,80.2,0.9
01:20:56,20.4,79.6,0.9
01:20:59,10.4,79.5,0.9
01:21:02,12.0,79.4,0.9
01:21:05,14.1,79.3,0.9
01:21:08,10.1,79.4,0.9
01:21:11,15.1,79.3,0.9
01:21:14,15.8,79.4,0.9
01:21:18,12.9,79.4,0.9
01:21:21,18.1,79.4,0.9
01:21:24,14.1,79.0,0.9
01:21:27,10.4,78.9,0.9
01:21:30,15.6,79.5,0.9
01:21:33,12.7,79.3,0.9
01:21:36,11.8,79.1,0.9
01:21:39,21.5,79.5,0.9
01:21:42,19.0,79.4,0.9
01:21:45,37.3,79.8,0.9
01:21:48,17.7,79.6,0.9
01:21:51,15.4,79.7,0.9
01:21:54,11.3,80.4,0.9
01:21:57,16.9,81.0,0.9
01:22:00,14.5,81.1,0.9
01:22:03,14.0,81.3,0.9
01:22:06,14.9,81.5,0.9
01:22:09,28.9,81.6,0.9
01:22:12,6.9,81.5,0.9
01:22:16,28.6,81.2,0.9
01:22:18,13.5,80.8,0.9
01:22:21,16.6,80.9,0.9
01:22:24,13.0,80.9,0.9
01:22:27,16.4,81.1,0.9
01:22:30,20.2,81.1,0.9
01:22:33,21.5,81.2,0.9
01:22:37,30.7,81.2,0.9
01:22:43,30.1,81.6,0.9
01:22:56,31.4,78.6,0.9
01:22:57,26.3,78.6,0.9
01:23:01,27.3,78.4,0.9
01:23:04,22.3,78.4,0.9
01:23:07,16.2,78.4,0.9
01:23:10,20.8,78.3,0.9
01:23:13,14.4,78.4,0.9
01:23:16,24.5,78.4,0.9
01:23:19,18.5,78.4,0.9
01:23:22,15.9,78.4,0.9
01:23:25,17.2,78.4,0.9
01:23:28,13.3,78.5,0.9
01:23:31,14.5,78.4,0.9
01:23:34,13.2,78.3,0.9
01:23:37,16.5,78.4,0.9
01:23:40,22.5,78.4,0.9
01:23:43,28.6,78.4,0.9
01:23:46,30.1,78.3,0.9
01:23:49,17.4,78.3,0.9
01:23:52,11.6,78.2,0.9
01:23:55,25.2,78.2,0.9
01:23:58,30.2,78.5,0.9
01:24:01,22.8,78.5,0.9
01:24:04,7.0,78.5,0.9
01:24:07,24.6,78.5,0.9
01:24:10,8.6,78.6,0.9
01:24:13,28.0,78.7,0.9
01:24:16,23.8,78.6,0.9
01:24:19,22.6,78.6,0.9
01:24:22,13.0,78.7,0.9
01:24:25,9.4,78.7,0.9
01:24:28,11.6,78.4,0.9
01:24:31,13.3,78.4,0.9
01:24:34,30.4,78.3,0.9
01:24:37,29.0,78.4,0.9
01:24:40,19.0,78.3,0.9
01:24:43,12.9,78.3,0.9
01:24:46,22.3,78.8,0.9
01:24:49,22.5,80.2,0.9
01:24:53,32.0,80.2,0.9
01:24:55,32.0,80.1,0.9
01:24:58,26.2,80.1,0.9
01:25:02,25.4,80.1,0.9
01:25:04,21.7,80.4,0.9
01:25:07,19.9,80.6,0.9
01:25:10,17.4,80.7,0.9
01:25:14,25.3,81.4,0.9
01:25:16,35.3,82.1,0.9
01:25:20,25.3,82.4,0.9
01:25:22,23.7,82.3,0.9
01:25:26,27.9,82.4,0.9
01:25:28,26.2,82.2,0.9
01:25:32,15.8,82.2,0.9
01:25:34,16.5,82.2,0.9
01:25:37,11.1,82.2,0.9
01:25:40,11.0,79.7,0.9
01:25:43,8.5,79.7,0.9
01:25:46,8.5,79.7,0.9
01:26:42,39.8,82.1,0.9
01:27:27,32.2,82.1,0.9
01:27:28,20.7,82.2,0.9
01:27:31,24.4,79.5,0.9
01:27:34,20.7,78.7,0.9
01:27:37,25.0,78.6,0.9
01:27:43,19.0,78.6,0.9
01:27:46,15.0,78.6,0.9
01:27:49,17.6,78.5,0.9
01:27:52,27.4,78.5,0.9
01:27:55,27.1,78.5,0.9
01:27:58,28.8,78.4,0.9
01:28:02,16.4,78.4,0.9
01:28:05,18.2,78.2,0.9
01:28:07,19.6,78.5,0.9
01:28:12,36.2,78.6,0.9
01:28:15,30.6,78.5,0.9
01:28:18,33.5,78.9,0.9
01:28:21,20.5,78.8,0.9
01:28:24,11.5,78.7,0.9
01:28:27,13.1,78.5,0.9
01:28:30,13.4,78.4,0.9
01:28:33,18.1,78.4,0.9
01:28:36,19.6,78.4,0.9
01:28:39,16.0,78.4,0.9
01:28:42,28.2,78.8,0.9
01:28:45,23.1,79.0,0.9
01:28:48,24.1,79.0,0.9
01:28:51,23.4,78.9,0.9
01:28:54,25.1,78.8,0.9
01:28:57,37.5,78.9,0.9
01:29:01,25.0,78.9,0.9
01:29:03,22.3,79.1,0.9
01:29:06,28.2,79.1,0.9
01:29:10,30.6,78.9,0.9
01:29:13,17.3,78.8,0.9
01:29:15,16.7,78.5,0.9
01:29:18,19.4,78.4,0.9
01:29:21,19.5,78.4,0.9
01:29:24,19.0,78.5,0.9
01:29:29,14.3,78.5,0.9
01:29:32,14.1,78.5,0.9
01:29:35,12.7,78.5,0.9
01:29:38,12.5,78.4,0.9
01:29:41,17.2,78.6,0.9
01:29:44,30.1,78.5,0.9
01:29:47,26.4,78.5,0.9
01:29:50,25.7,78.5,0.9
01:29:53,15.6,78.5,0.9
01:29:56,19.6,79.1,0.9
01:29:59,15.3,79.1,0.9
01:30:02,19.2,79.3,0.9
01:30:06,28.3,79.2,0.9
01:30:08,37.6,79.2,0.9
01:30:11,37.0,79.3,0.9
01:30:15,20.6,79.7,0.9
01:30:17,18.2,79.9,0.9
01:30:20,15.7,80.1,0.9
01:30:23,28.4,80.3,0.9
01:30:26,14.0,80.3,0.9
01:30:29,14.4,80.0,0.9
01:30:33,33.1,80.2,0.9
01:30:35,37.1,80.3,0.9
01:30:39,32.4,80.4,0.9
01:30:42,18.8,80.7,0.9
01:30:44,28.0,81.3,0.9
01:30:47,21.4,82.2,0.9
01:30:50,15.0,82.5,0.9
01:30:53,29.0,82.5,0.9
01:30:56,17.9,82.6,0.9
01:30:59,16.2,82.4,0.9
01:31:04,18.1,79.2,0.9
01:31:07,7.9,79.2,0.9
01:31:10,8.3,79.1,0.9
01:31:13,7.3,79.0,0.9
01:31:16,5.0,79.0,0.9
01:31:19,8.4,79.1,0.9
01:31:22,4.1,78.9,0.9
01:31:25,15.4,79.2,0.9
01:31:28,17.6,80.5,0.9
01:31:31,29.7,80.3,0.9
01:31:34,9.9,80.2,0.9
01:31:37,13.2,80.1,0.9
01:31:40,11.5,80.0,0.9
01:31:43,16.0,80.3,0.9
01:31:46,16.9,80.7,0.9
01:31:49,19.3,80.7,0.9
01:31:52,25.3,80.5,0.9
01:31:55,19.7,81.1,0.9
01:31:59,22.3,81.6,0.9
01:32:01,23.9,81.6,0.9
01:32:04,19.5,81.8,0.9
01:32:07,34.4,81.8,0.9
01:32:10,15.3,81.6,0.9
01:32:13,14.7,81.6,0.9
01:32:16,31.7,79.2,0.9
01:32:19,15.9,78.5,0.9
01:32:22,19.2,78.9,0.9
01:32:25,14.0,78.8,0.9
01:32:29,17.7,79.0,0.9
01:32:34,14.9,78.8,0.9
01:32:37,11.3,78.8,0.9
01:32:40,11.9,78.8,0.9
01:32:43,11.9,78.8,0.9
01:32:46,12.7,78.6,0.9
01:32:49,13.6,78.6,0.9
01:32:52,15.2,78.7,0.9
01:32:55,12.8,78.7,0.9
01:32:58,12.4,78.7,0.9
01:33:01,11.9,78.8,0.9
01:33:04,17.8,79.1,0.9
01:33:08,17.8,79.1,0.9
01:33:10,19.5,79.1,0.9
01:33:13,24.4,79.3,0.9
01:33:16,21.6,79.3,0.9
01:33:19,25.3,79.4,0.9
01:33:22,25.5,80.0,0.9
01:33:25,23.9,80.6,0.9
01:33:28,22.2,81.5,0.9
01:33:31,23.3,81.7,0.9
01:33:34,22.6,81.7,0.9
01:33:37,23.7,81.7,0.9
01:33:40,21.2,81.6,0.9
01:33:43,22.1,81.7,0.9
01:33:46,19.7,81.7,0.9
01:33:49,17.2,81.7,0.9
01:33:52,26.2,81.9,0.9
01:33:56,16.9,82.0,0.9
01:33:58,19.4,82.0,0.9
01:34:01,23.7,82.1,0.9
01:34:42,18.8,81.5,0.9
01:35:42,25.0,83.6,0.9
01:35:59,17.3,84.5,0.9
01:37:50,9.7,80.0,0.9
01:40:56,9.9,80.2,0.9
01:40:59,10.1,80.0,0.9
01:41:02,7.6,80.0,0.9
01:41:05,8.6,80.0,0.9
01:41:08,6.0,80.0,0.9
01:41:11,6.6,80.0,0.9
01:41:14,23.9,80.0,0.9
01:41:17,8.0,79.9,0.9
01:41:20,14.6,80.0,0.9
01:41:23,8.0,79.8,0.9
01:41:26,11.9,80.3,0.9
01:41:29,10.5,80.6,0.9
01:41:32,5.4,80.7,0.9
01:41:35,16.7,80.1,0.9
01:41:38,31.3,80.1,0.9
01:41:41,25.4,80.1,0.9
01:41:44,17.5,80.1,0.9
01:41:47,24.3,80.1,0.9
01:41:50,32.0,80.3,0.9
01:41:53,30.8,80.2,0.9
01:41:56,14.6,80.2,0.9
01:41:59,25.6,80.0,0.9
01:42:02,14.6,80.0,0.9
01:42:05,11.2,80.1,0.9
01:42:08,3.1,80.1,0.9
01:42:11,24.4,80.1,0.9
01:42:14,6.1,80.1,0.9
01:42:17,13.1,80.1,0.9
01:42:20,10.4,80.5,0.9
01:42:23,14.6,79.7,0.9
01:42:26,5.5,79.7,0.9
01:42:29,5.2,79.7,0.9
01:42:32,5.3,79.7,0.9
01:42:35,8.2,79.7,0.9
01:42:38,7.0,79.4,0.9
01:42:41,6.7,79.4,0.9
01:42:44,6.2,79.5,0.9
01:42:47,9.5,79.5,0.9
01:42:50,15.2,79.7,0.9
01:42:53,10.4,79.7,0.9
01:42:56,7.5,79.6,0.9
01:42:59,12.8,79.5,0.9
01:43:02,7.6,79.6,0.9
01:43:05,6.5,79.5,0.9
01:43:08,9.2,79.5,0.9
01:43:11,13.0,79.4,0.9
01:43:14,9.0,79.5,0.9
01:43:17,13.9,79.5,0.9
01:43:20,27.9,79.5,0.9
01:43:23,27.0,79.5,0.9
01:43:26,5.7,79.4,0.9
01:43:29,20.8,79.5,0.9
01:43:32,12.3,79.4,0.9
01:43:35,12.2,79.7,0.9
01:43:53,10.1,79.9,0.9
01:43:56,11.5,79.8,0.9
01:43:59,19.5,80.2,0.9
01:44:02,19.2,80.2,0.9
01:44:05,17.3,80.1,0.9
01:44:08,16.2,80.2,0.9
01:44:11,28.6,80.1,0.9
01:44:14,12.7,80.0,0.9
01:44:17,11.2,80.1,0.9
01:44:20,14.0,80.1,0.9
01:44:23,6.0,80.0,0.9
01:44:26,8.2,80.0,0.9
01:44:29,9.0,80.0,0.9
01:44:32,9.4,79.9,0.9
01:44:35,14.9,79.7,0.9
01:44:38,8.2,79.7,0.9
01:44:41,12.0,79.5,0.9
01:44:44,19.4,79.7,0.9
01:44:47,20.5,79.7,0.9
01:44:51,26.8,79.7,0.9
01:44:53,18.3,79.9,0.9
01:44:56,30.7,80.6,0.9
01:44:59,30.9,80.8,0.9
01:45:02,11.7,80.5,0.9
01:45:05,24.1,80.7,0.9
01:45:08,22.1,81.1,0.9
01:45:11,18.8,81.2,0.9
01:45:14,19.5,81.4,0.9
01:45:17,14.6,81.0,0.9
01:45:20,19.6,80.5,0.9
01:45:23,19.3,80.9,0.9
01:45:26,32.7,80.9,0.9
01:45:29,20.0,81.0,0.9
01:45:33,28.5,81.2,0.9
01:45:35,20.5,81.3,0.9
01:45:38,22.3,81.4,0.9
01:45:41,15.3,81.2,0.9
01:45:44,11.7,81.2,0.9
01:45:47,15.5,80.7,0.9
01:45:50,5.6,80.7,0.9
01:45:53,10.5,80.7,0.9
01:45:56,18.1,80.7,0.9
01:45:59,33.8,80.5,0.9
01:46:02,33.4,81.0,0.9
01:46:08,8.6,80.9,0.9
01:46:11,10.2,80.7,0.9
01:46:14,8.3,80.4,0.9
01:46:17,9.4,81.0,0.9
01:46:20,10.6,80.7,0.9
01:46:23,14.6,80.3,0.9
01:46:26,30.6,80.2,0.9
01:46:29,11.9,80.2,0.9
01:46:32,25.0,80.1,0.9
01:46:35,33.6,80.2,0.9
01:46:39,18.4,80.0,0.9
01:46:41,24.1,80.1,0.9
01:46:44,29.6,80.5,0.9
01:46:48,39.5,80.6,0.9
01:46:50,36.7,80.1,0.9
01:46:53,19.0,80.1,0.9
01:46:56,17.4,79.8,0.9
01:46:59,23.9,80.0,0.9
01:47:03,33.3,80.4,0.9
01:47:05,32.1,80.4,0.9
01:47:08,33.7,80.5,0.9
01:47:11,41.5,80.7,0.9
01:47:15,25.5,80.4,0.9
01:47:33,18.7,80.1,0.9
01:47:37,11.9,79.6,0.9
01:47:40,13.4,79.2,0.9
01:47:43,11.7,79.5,0.9
01:47:46,19.2,79.5,0.9
01:47:49,26.7,79.5,0.9
01:47:52,42.2,79.8,0.9
01:47:55,24.9,80.3,0.9
01:47:58,50.0,81.5,0.9
01:48:01,26.7,81.8,0.9
01:48:04,32.9,81.5,0.9
01:48:07,29.5,81.7,0.9
01:48:11,17.8,81.9,0.9
01:48:13,12.3,80.5,0.9
01:48:16,11.4,80.2,0.9
01:48:19,18.2,79.8,0.9
01:48:22,13.7,79.8,0.9
01:48:25,15.4,79.7,0.9
01:48:29,27.1,79.7,0.9
01:48:32,16.7,79.7,0.9
01:48:34,27.4,79.8,0.9
01:48:37,16.2,79.8,0.9
01:48:40,15.9,79.7,0.9
01:48:43,13.1,79.7,0.9
01:48:46,16.9,79.8,0.9
01:48:49,33.8,79.9,0.9
01:48:52,35.2,80.3,0.9
01:48:55,30.8,79.9,0.9
01:48:59,18.7,79.8,0.9
01:49:01,28.2,80.0,0.9
01:49:04,17.0,79.9,0.9
01:49:07,18.4,80.1,0.9
01:49:43,27.8,79.9,0.9
01:50:42,30.5,81.9,0.9
01:51:43,42.4,80.1,0.9
01:51:56,34.1,80.2,0.9
01:52:01,32.5,79.8,0.9
01:52:04,15.5,79.7,0.9
01:52:07,26.9,79.8,0.9
01:52:11,19.8,80.6,0.9
01:52:14,17.5,80.6,0.9
01:52:17,21.4,80.4,0.9
01:52:19,22.1,80.5,0.9
01:52:22,18.3,80.6,0.9
01:52:25,29.9,79.8,0.9
01:52:28,26.7,80.0,0.9
01:52:32,21.4,79.9,0.9
01:52:34,44.2,79.9,0.9
01:52:37,39.3,79.7,0.9
01:52:41,18.9,79.7,0.9
01:52:44,22.8,80.6,0.9
01:52:47,16.5,80.5,0.9
01:52:49,15.3,80.4,0.9
01:52:52,22.5,81.0,0.9
01:52:55,31.9,81.9,0.9
01:52:58,34.7,82.1,0.9
01:53:01,20.0,81.8,0.9
01:53:05,45.0,81.7,0.9
01:53:07,38.0,81.9,0.9
01:53:11,30.9,82.0,0.9
01:53:13,18.2,82.0,0.9
01:53:16,23.2,82.3,0.9
01:53:19,22.3,82.0,0.9
01:53:23,28.7,82.8,0.9
01:53:25,32.5,83.5,0.9
01:53:28,44.3,83.5,0.9
01:53:32,32.8,83.6,0.9
01:53:34,20.1,83.4,0.9
01:53:37,17.5,83.4,0.9
01:53:40,21.9,83.4,0.9
01:53:44,34.2,83.6,0.9
01:53:46,40.4,83.7,0.9
01:53:50,24.3,83.8,0.9
01:53:53,13.0,80.4,0.9
01:54:42,23.7,80.6,0.9
01:55:42,20.3,82.2,0.9
01:56:42,23.5,84.3,0.9
01:57:43,36.1,80.3,0.9
01:57:50,42.8,80.6,0.9
01:57:55,29.0,79.9,0.9
01:57:58,17.4,79.8,0.9
01:58:01,32.9,79.9,0.9
01:58:04,33.7,80.1,0.9
01:58:08,48.7,80.8,0.9
01:58:10,17.3,80.9,0.9
01:58:13,16.0,80.8,0.9
01:58:16,17.6,80.8,0.9
01:58:19,10.6,80.7,0.9
01:58:23,18.5,80.6,0.9
01:58:26,37.3,80.2,0.9
01:58:28,35.4,80.1,0.9
01:58:32,20.3,80.2,0.9
01:58:35,17.1,80.2,0.9
01:58:37,25.4,79.9,0.9
01:58:40,22.3,80.2,0.9
01:58:43,25.8,80.7,0.9
01:58:46,18.9,80.8,0.9
01:58:50,30.7,80.8,0.9
01:58:52,38.8,81.2,0.9
01:58:56,20.3,81.0,0.9
01:58:58,17.5,80.7,0.9
01:59:42,33.9,80.3,0.9
02:00:31,46.1,81.4,0.9
02:00:36,26.9,80.9,0.9
02:00:39,17.7,80.6,0.9
02:00:42,11.4,80.5,0.9
02:00:45,18.4,80.5,0.9
02:00:48,20.2,80.6,0.9
02:00:51,14.0,80.5,0.9
02:00:54,20.0,80.5,0.9
02:00:57,25.4,80.9,0.9
02:01:00,31.6,80.5,0.9
02:01:03,25.8,80.8,0.9
02:01:06,31.5,80.4,0.9
02:01:09,31.2,80.6,0.9
02:01:12,19.4,80.8,0.9
02:01:15,18.3,82.0,0.9
02:01:18,20.7,81.9,0.9
02:01:21,19.3,80.9,0.9
02:01:25,32.9,81.5,0.9
02:01:27,35.8,81.4,0.9
02:01:31,25.0,81.0,0.9
02:01:34,14.8,81.1,0.9
02:01:36,12.2,81.1,0.9
02:01:39,15.7,81.2,0.9
02:01:42,16.5,81.2,0.9
02:01:45,21.0,81.3,0.9
02:01:49,28.0,81.2,0.9
02:01:52,27.7,81.3,0.9
02:01:54,34.4,81.5,0.9
02:01:58,32.3,81.6,0.9
02:02:00,21.1,81.7,0.9
02:02:03,22.7,81.6,0.9
02:02:06,26.2,81.6,0.9
02:02:10,23.5,81.3,0.9
02:02:12,35.4,81.2,0.9
02:02:15,36.5,81.2,0.9
02:02:19,20.3,81.2,0.9
02:02:21,10.9,81.2,0.9
02:02:43,20.8,80.6,0.9
02:03:42,14.8,80.1,0.9
02:04:42,28.3,75.7,0.9
02:05:11,31.5,77.7,0.9
02:05:12,32.3,77.8,0.9
02:05:16,14.2,77.8,0.9
02:05:19,17.4,77.8,0.9
02:05:22,15.4,77.8,0.9
02:05:25,37.0,78.3,0.9
02:05:28,32.1,78.3,0.9
02:05:31,31.9,78.1,0.9
02:05:35,18.2,78.5,0.9
02:05:37,13.8,78.8,0.9
02:05:40,18.3,78.6,0.9
02:05:43,26.6,78.6,0.9
02:05:47,21.4,78.4,0.9
02:05:50,37.4,79.2,0.9
02:05:52,42.9,79.5,0.9
02:05:56,24.6,80.1,0.9
02:05:58,20.0,80.4,0.9
02:06:01,24.0,80.5,0.9
02:06:04,26.1,81.0,0.9
02:06:08,22.8,81.7,0.9
02:06:10,35.6,82.4,0.9
02:06:13,41.9,83.0,0.9
02:06:16,47.7,83.6,0.9
02:06:19,41.2,83.7,0.9
02:06:23,24.5,83.8,0.9
02:06:26,34.0,83.8,0.9
02:06:29,21.9,83.9,0.9
02:06:31,16.5,83.8,0.9
02:06:43,22.0,80.0,0.9
02:06:46,22.6,80.1,0.9
02:06:47,22.1,80.2,0.9
02:06:50,45.9,79.9,0.9
02:06:53,31.2,79.7,0.9
02:06:56,34.9,79.6,0.9
02:06:59,23.0,79.6,0.9
02:07:02,21.4,79.8,0.9
02:07:05,24.3,79.6,0.9
02:07:08,31.4,80.2,0.9
02:07:11,16.8,80.1,0.9
02:07:14,16.6,80.0,0.9
02:07:17,13.7,79.9,0.9
02:07:21,19.3,79.8,0.9
02:07:23,25.3,79.8,0.9
02:07:26,34.3,79.8,0.9
02:07:29,39.6,80.0,0.9
02:07:33,37.2,80.4,0.9
02:07:36,19.9,80.4,0.9
02:07:38,24.7,80.5,0.9
02:07:41,20.9,80.5,0.9
02:07:44,28.4,80.6,0.9
02:07:48,39.0,80.9,0.9
02:07:51,36.4,81.3,0.9
02:07:53,35.8,82.0,0.9
02:07:57,27.3,82.5,0.9
02:08:00,19.1,82.2,0.9
02:08:02,11.8,82.4,0.9
02:08:05,9.7,82.2,0.9
02:08:42,10.3,79.7,0.9
02:09:43,11.7,79.8,0.9
02:10:42,13.4,80.7,0.9
02:11:42,29.1,80.7,0.9
02:12:43,20.8,80.2,0.9
02:13:08,24.9,80.7,0.9
02:13:09,16.2,80.7,0.9
02:13:13,27.2,80.7,0.9
02:13:16,32.1,80.4,0.9
02:13:19,27.2,80.0,0.9
02:13:22,35.4,80.4,0.9
02:13:25,49.3,81.7,0.9
02:13:28,17.3,81.8,0.9
02:13:31,15.1,81.8,0.9
02:13:34,21.3,81.7,0.9
02:13:37,19.4,81.8,0.9
02:13:40,14.4,81.6,0.9
02:13:43,28.1,80.5,0.9
02:13:46,31.0,80.4,0.9
02:13:49,32.5,80.3,0.9
02:13:52,35.0,80.3,0.9
02:13:55,20.8,80.3,0.9
02:13:58,20.1,80.3,0.9
02:14:01,23.5,80.0,0.9
02:14:04,18.7,80.0,0.9
02:14:07,16.6,80.0,0.9
02:14:10,11.0,80.0,0.9
02:14:13,13.6,79.9,0.9
02:14:16,21.8,79.9,0.9
02:14:19,29.4,79.9,0.9
02:14:23,26.8,79.9,0.9
02:14:26,22.6,80.3,0.9
02:14:29,20.1,80.4,0.9
02:14:31,12.3,80.4,0.9
02:14:34,12.5,80.4,0.9
02:14:37,15.2,80.5,0.9
02:14:40,16.8,80.4,0.9
02:14:43,10.7,80.4,0.9
02:14:46,15.8,80.4,0.9
02:14:49,24.5,80.4,0.9
02:14:52,27.2,80.4,0.9
02:15:09,33.9,81.0,0.9
02:15:10,28.7,81.1,0.9
02:15:13,18.7,81.1,0.9
02:15:16,37.6,81.2,0.9
02:15:19,37.8,81.1,0.9
02:15:22,31.7,81.0,0.9
02:15:26,21.2,81.1,0.9
02:15:28,36.4,81.4,0.9
02:15:31,21.6,81.4,0.9
02:15:34,15.5,81.3,0.9
02:15:37,17.6,80.9,0.9
02:15:40,21.4,80.9,0.9
02:15:43,18.2,80.9,0.9
02:15:46,19.8,80.9,0.9
02:15:49,32.1,81.5,0.9
02:15:52,33.8,80.5,0.9
02:15:55,32.6,80.5,0.9
02:15:59,26.4,80.2,0.9
02:16:02,12.9,80.1,0.9
02:16:04,13.9,80.1,0.9
02:58:40,56.1,82.7,0.9
02:58:42,27.3,82.6,0.9
02:58:50,18.8,83.0,0.9
02:58:52,34.7,82.8,0.9
02:58:55,30.3,82.8,0.9
02:58:58,38.5,82.8,0.9
02:59:01,28.8,82.7,0.9
02:59:04,33.8,82.6,0.9
02:59:07,35.3,82.6,0.9
02:59:10,37.6,82.3,0.9
02:59:13,32.2,82.4,0.9
02:59:16,22.6,82.2,0.9
02:59:19,20.0,82.1,0.9
02:59:22,16.4,82.1,0.9
02:59:25,12.2,82.0,0.9
02:59:28,19.1,82.0,0.9
02:59:31,23.0,82.0,0.9
02:59:34,23.9,82.1,0.9
02:59:37,16.5,82.2,0.9
02:59:40,21.8,82.0,0.9
02:59:43,27.0,82.0,0.9
02:59:46,39.1,81.9,0.9
02:59:49,30.4,81.8,0.9
02:59:52,37.2,82.0,0.9
02:59:55,31.1,81.9,0.9
02:59:58,21.1,81.9,0.9
03:00:01,30.9,82.2,0.9
03:00:04,34.5,82.8,0.9
03:00:07,20.2,82.7,0.9
03:00:11,33.7,82.8,0.9
03:00:14,34.4,83.1,0.9
03:00:16,45.3,84.4,0.9
03:00:19,60.2,86.6,0.9
03:00:23,62.8,88.2,0.9
03:00:25,46.3,88.6,0.9
03:00:29,54.8,89.6,0.9
03:00:32,34.6,85.1,0.9
03:00:34,30.7,84.2,0.9
03:00:37,22.4,84.1,0.9
03:00:42,18.5,84.3,0.9
03:01:07,31.8,83.6,0.9
03:01:10,32.7,83.6,0.9
03:01:14,23.5,83.1,0.9
03:01:17,14.5,82.7,0.9
03:01:20,29.6,83.0,0.9
03:01:22,16.7,83.0,0.9
03:01:25,44.0,83.1,0.9
03:01:28,50.2,84.2,0.9
03:01:32,37.8,85.6,0.9
03:01:35,55.3,85.5,0.9
03:01:38,45.0,85.2,0.9
03:01:41,30.5,84.9,0.9
03:01:43,28.8,85.1,0.9
03:01:46,19.0,85.1,0.9
03:01:49,27.1,85.1,0.9
03:01:53,50.9,85.5,0.9
03:01:55,33.6,84.9,0.9
03:01:58,20.7,82.4,0.9
03:02:01,16.7,82.2,0.9
03:02:04,19.0,81.9,0.9
03:02:07,27.7,82.2,0.9
03:02:10,18.5,82.0,0.9
03:02:13,21.7,81.8,0.9
03:02:16,28.5,81.8,0.9
03:02:19,32.5,81.7,0.9
03:02:22,20.7,80.8,0.9
03:02:25,15.0,80.7,0.9
03:02:28,17.7,81.0,0.9
03:02:31,13.5,81.0,0.9
03:02:34,14.4,80.9,0.9
03:02:37,29.8,81.0,0.9
03:02:40,29.2,81.0,0.9
03:02:43,19.4,81.0,0.9
03:02:46,11.8,80.5,0.9
03:02:49,15.5,80.5,0.9
03:02:52,14.9,80.5,0.9
03:02:55,11.5,80.4,0.9
03:02:58,16.9,80.2,0.9
03:03:01,26.1,80.2,0.9
03:03:04,31.2,80.2,0.9
03:03:07,32.5,80.2,0.9
03:03:10,25.8,80.2,0.9
03:03:13,12.5,80.3,0.9
03:03:16,10.1,80.2,0.9
03:03:19,14.1,80.2,0.9
03:03:22,12.6,80.2,0.9
03:03:25,14.0,80.2,0.9
03:03:28,28.4,80.1,0.9
03:03:31,29.8,80.1,0.9
03:03:34,15.6,80.3,0.9
03:03:37,12.5,80.4,0.9
03:03:40,19.3,80.5,0.9
03:03:43,12.8,80.5,0.9
03:03:46,20.1,80.5,0.9
03:03:49,35.4,80.5,0.9
03:03:52,26.9,80.5,0.9
03:03:55,16.3,80.5,0.9
03:03:58,11.2,80.5,0.9
03:04:01,13.3,80.5,0.9
03:04:04,11.4,80.4,0.9
03:04:07,22.5,80.5,0.9
03:04:10,28.7,80.8,0.9
03:04:14,17.2,81.0,0.9
03:04:16,10.8,80.6,0.9
03:04:19,28.8,80.5,0.9
03:04:22,24.2,81.9,0.9
03:04:25,11.2,81.9,0.9
03:04:28,20.2,81.8,0.9
03:04:31,16.7,82.2,0.9
03:04:35,22.9,82.1,0.9
03:04:38,31.3,82.0,0.9
03:04:40,26.4,81.9,0.9
03:04:43,28.3,82.0,0.9
03:04:47,15.6,81.9,0.9
03:04:49,21.7,81.9,0.9
03:04:52,14.3,81.9,0.9
03:04:55,14.1,82.0,0.9
03:04:58,25.1,81.6,0.9
03:05:01,12.6,81.5,0.9
03:05:05,24.7,81.4,0.9
03:05:07,30.5,81.4,0.9
03:05:10,30.3,81.6,0.9
03:10:51,0.5,81.1,0.9
04:35:53,0.1,80.6,0.9
04:35:57,38.3,83.6,0.9
04:35:58,44.1,83.7,0.9
04:36:01,20.2,83.8,0.9
04:36:04,15.1,83.3,0.9
04:36:07,16.9,83.3,0.9
04:36:10,32.2,83.1,0.9
04:36:13,17.6,83.1,0.9
04:36:16,40.0,83.5,0.9
04:36:19,29.7,83.6,0.9
04:36:22,52.8,84.7,0.9
04:36:25,54.7,84.9,0.9
04:36:29,41.7,85.5,0.9
04:36:31,25.3,85.1,0.9
04:36:34,29.6,85.1,0.9
04:36:37,32.3,85.3,0.9
04:36:40,46.9,85.5,0.9
04:36:44,28.6,85.8,0.9
04:36:46,15.2,84.2,0.9
04:36:49,20.7,84.2,0.9
04:36:52,22.3,84.2,0.9
04:36:56,34.3,84.7,0.9
04:36:58,23.4,84.5,0.9
04:37:01,15.9,84.2,0.9
04:37:04,17.5,83.4,0.9
04:37:07,24.0,83.2,0.9
04:37:10,34.5,83.6,0.9
04:37:13,21.3,83.7,0.9
04:37:42,31.4,83.5,0.9
04:38:06,22.1,84.3,0.9
04:38:07,22.9,84.4,0.9
04:38:10,16.0,83.4,0.9
04:38:13,24.6,83.4,0.9
04:38:16,31.0,83.2,0.9
04:38:19,33.7,83.1,0.9
04:38:22,17.6,83.0,0.9
04:38:25,13.9,83.0,0.9
04:38:28,14.0,83.0,0.9
04:38:31,17.2,83.1,0.9
04:38:34,21.4,83.3,0.9
04:38:37,10.2,83.2,0.9
04:38:40,11.6,83.3,0.9
04:38:43,13.4,83.2,0.9
04:38:46,16.2,83.1,0.9
04:38:49,19.5,83.1,0.9
04:38:52,15.7,83.2,0.9
04:38:55,26.7,83.2,0.9
04:38:58,32.9,83.1,0.9
04:39:01,9.3,83.2,0.9
04:39:04,17.3,83.0,0.9
04:39:07,13.9,82.7,0.9
04:39:10,9.8,82.7,0.9
04:39:13,19.6,82.7,0.9
04:39:16,28.7,82.8,0.9
04:39:19,34.4,82.9,0.9
04:39:22,33.2,83.4,0.9
04:39:25,23.5,84.8,0.9
04:39:28,14.3,84.7,0.9
04:39:32,21.0,84.1,0.9
04:39:34,19.4,84.1,0.9
04:39:37,47.3,84.4,0.9
04:39:41,52.9,84.3,0.9
04:39:44,30.1,84.3,0.9
04:39:46,15.5,84.3,0.9
04:39:50,43.2,84.0,0.9
04:39:52,28.3,84.4,0.9
04:39:56,27.9,84.4,0.9
04:39:58,39.3,84.7,0.9
04:40:02,29.8,84.7,0.9
04:40:05,26.5,85.0,0.9
04:40:07,28.9,85.1,0.9
04:40:10,17.1,85.2,0.9
04:40:14,14.9,85.2,0.9
04:40:16,41.7,85.3,0.9
04:40:19,35.0,84.8,0.9
04:40:22,17.7,84.7,0.9
04:40:42,15.1,84.3,0.9
04:41:43,25.2,84.6,0.9
04:42:42,26.1,85.6,0.9
04:43:42,26.0,86.2,0.9
04:44:42,24.3,87.4,0.9
04:45:42,33.8,86.9,0.9
04:45:57,27.9,87.3,0.9
04:45:58,17.4,87.3,0.9
04:46:01,16.6,87.3,0.9
04:46:04,16.0,87.1,0.9
04:46:07,12.6,87.0,0.9
04:46:10,20.4,86.9,0.9
04:46:13,32.3,87.1,0.9
04:46:16,14.6,87.2,0.9
04:46:19,28.9,87.2,0.9
04:46:22,11.8,86.7,0.9
04:46:25,14.1,86.7,0.9
04:46:28,11.4,86.6,0.9
04:46:31,5.1,86.6,0.9
04:46:34,6.7,86.7,0.9
04:46:37,13.7,86.8,0.9
04:46:40,20.4,86.9,0.9
04:46:43,6.0,86.9,0.9
04:46:46,10.0,86.9,0.9
04:46:49,7.1,86.9,0.9
04:46:52,12.8,86.8,0.9
04:46:56,16.2,86.9,0.9
04:46:58,12.1,86.9,0.9
04:47:01,9.0,86.8,0.9
04:47:04,12.5,86.8,0.9
04:47:07,13.1,86.8,0.9
04:47:10,19.4,86.8,0.9
04:47:13,9.4,86.7,0.9
04:47:42,11.8,87.0,0.9
04:48:42,6.3,86.7,0.9
04:49:42,14.7,86.6,0.9
04:50:42,17.6,87.6,0.9
04:51:42,15.0,86.7,0.9
04:52:42,8.8,86.7,0.9
04:53:42,25.7,86.0,0.9
04:54:42,21.2,85.9,0.9
04:55:42,19.8,86.2,0.9
04:56:43,17.0,85.7,0.9
04:57:43,39.7,88.3,0.9
04:58:43,15.6,87.2,0.9
04:59:43,23.8,87.1,0.9
05:00:42,22.1,87.3,0.9
05:01:42,21.7,86.5,0.9
05:02:43,36.5,87.1,0.9
05:03:42,9.7,85.7,0.9
05:04:42,8.7,85.8,0.9
05:05:42,13.5,88.7,0.9
05:06:42,19.7,89.0,0.9
05:07:43,13.8,88.0,0.9
05:08:04,13.9,86.5,0.9
05:08:07,7.8,86.5,0.9
05:08:10,11.2,86.4,0.9
05:08:13,15.1,86.4,0.9
05:08:16,9.2,86.3,0.9
05:08:19,8.8,86.2,0.9
05:08:22,8.7,86.2,0.9
05:08:25,12.4,85.9,0.9
05:08:28,10.5,85.8,0.9
05:08:31,26.8,85.2,0.9
05:08:34,20.3,85.0,0.9
05:08:37,13.4,85.0,0.9
05:08:40,27.4,85.1,0.9
05:08:43,21.2,85.1,0.9
05:08:46,31.5,85.2,0.9
05:08:49,33.7,85.2,0.9
05:08:52,12.1,85.3,0.9
05:08:55,31.6,85.3,0.9
05:08:58,41.3,85.3,0.9
05:09:01,16.9,85.2,0.9
05:09:04,9.0,85.1,0.9
05:09:07,9.2,85.1,0.9
05:09:10,26.6,85.2,0.9
05:09:13,11.7,85.1,0.9
05:09:16,5.7,85.0,0.9
05:09:19,10.0,85.0,0.9
05:09:22,10.0,85.1,0.9
05:09:25,11.5,85.0,0.9
05:09:28,13.8,85.1,0.9
05:09:31,9.6,85.1,0.9
05:09:34,9.3,85.0,0.9
05:09:37,7.7,85.0,0.9
05:09:40,6.8,85.0,0.9
05:09:43,13.3,85.1,0.9
05:09:46,8.8,85.1,0.9
05:09:49,11.3,85.1,0.9
05:09:52,8.0,85.1,0.9
05:09:55,6.7,85.2,0.9
05:09:58,11.7,85.4,0.9
05:10:01,8.8,85.4,0.9
05:10:04,27.8,85.4,0.9
05:10:07,15.0,85.2,0.9
05:10:10,24.8,85.7,0.9
05:10:13,41.4,85.7,0.9
05:10:16,27.0,85.7,0.9
05:10:19,35.3,85.7,0.9
05:10:22,18.4,85.8,0.9
05:10:25,25.3,85.8,0.9
05:10:28,14.0,85.6,0.9
05:10:31,9.0,85.5,0.9
05:10:34,5.8,85.4,0.9
05:10:37,10.5,85.4,0.9
05:10:40,7.7,85.3,0.9
05:10:43,14.9,85.3,0.9
05:10:46,8.5,85.3,0.9
05:10:49,10.7,85.3,0.9
05:10:52,10.9,85.4,0.9
05:10:55,10.4,85.3,0.9
05:10:58,14.7,85.3,0.9
05:11:01,9.9,85.1,0.9
05:11:04,10.3,85.1,0.9
05:11:07,9.7,85.1,0.9
05:11:10,14.4,85.3,0.9
05:11:13,16.9,85.3,0.9
05:11:16,13.2,85.3,0.9
05:11:19,15.8,85.4,0.9
05:11:22,14.4,85.2,0.9
05:11:25,16.7,85.0,0.9
05:11:28,24.9,85.4,0.9
05:11:31,5.0,85.3,0.9
05:11:34,8.2,85.4,0.9
05:11:37,8.3,85.4,0.9
05:11:40,10.8,85.4,0.9
05:11:43,20.5,85.4,0.9
05:11:46,19.3,85.4,0.9
05:11:49,28.2,85.6,0.9
05:11:52,22.6,85.2,0.9
05:11:55,26.6,85.3,0.9
05:11:58,55.7,85.6,0.9
05:12:01,16.8,86.0,0.9
05:12:04,8.7,86.0,0.9
05:12:07,17.3,86.0,0.9
05:12:10,12.6,85.9,0.9
05:12:13,15.3,85.9,0.9
05:12:16,24.3,85.9,0.9
05:12:19,13.6,85.8,0.9
05:12:22,13.6,85.8,0.9
05:12:25,11.5,85.8,0.9
05:12:28,13.0,85.8,0.9
05:12:31,8.6,85.8,0.9
05:12:34,21.6,85.8,0.9
05:12:37,28.5,85.8,0.9
05:12:40,9.4,85.8,0.9
05:12:43,38.4,85.9,0.9
05:12:46,10.3,85.9,0.9
05:12:49,14.5,85.8,0.9
05:12:52,21.2,84.1,0.9
05:12:55,14.4,83.2,0.9
05:12:58,22.4,83.3,0.9
05:13:01,14.3,83.3,0.9
05:13:04,16.5,83.2,0.9
05:13:07,11.2,83.2,0.9
05:13:10,10.9,83.2,0.9
05:13:13,18.6,83.3,0.9
05:13:16,9.2,83.2,0.9
05:13:19,16.3,82.7,0.9
05:13:22,12.6,82.7,0.9
05:13:25,11.2,82.7,0.9
05:13:28,31.4,82.7,0.9
05:13:31,20.1,82.7,0.9
05:13:34,11.5,82.7,0.9
05:13:37,36.8,82.7,0.9
05:13:40,22.9,82.6,0.9
05:13:43,21.3,82.7,0.9
05:13:46,19.0,82.6,0.9
05:13:49,37.8,82.7,0.9
05:13:52,26.6,82.6,0.9
05:13:55,18.7,82.7,0.9
05:13:58,28.0,82.7,0.9
05:14:01,31.4,82.7,0.9
05:14:04,34.4,82.6,0.9
05:14:07,17.8,82.5,0.9
05:14:10,23.4,82.6,0.9
05:14:13,24.9,82.6,0.9
05:14:16,29.8,83.0,0.9
05:14:20,24.1,83.3,0.9
05:14:22,39.0,83.4,0.9
05:14:26,18.9,83.4,0.9
05:14:28,37.3,83.5,0.9
05:14:31,18.8,83.4,0.9
05:14:35,18.1,83.4,0.9
05:14:38,24.1,83.2,0.9
05:14:41,25.6,83.2,0.9
05:14:43,21.8,83.2,0.9
05:14:46,16.2,83.2,0.9
05:14:49,16.7,83.2,0.9
05:14:52,20.4,83.1,0.9
05:14:56,23.8,83.2,0.9
05:14:58,45.1,83.5,0.9
05:15:01,24.9,83.5,0.9
05:15:04,19.2,83.3,0.9
05:15:07,33.2,83.3,0.9
05:15:10,34.8,83.5,0.9
05:15:14,48.6,83.7,0.9
05:15:42,19.5,84.8,0.9
05:16:42,17.4,84.0,0.9
05:17:43,22.6,84.7,0.9
05:18:43,25.1,82.6,0.9
05:19:42,13.8,82.4,0.9
10:32:03,59.6,84.5,0.9
10:32:06,60.0,84.8,0.9
10:32:07,62.0,84.9,0.9
10:32:08,61.8,85.1,0.9
10:32:09,59.7,85.4,0.9
10:32:11,53.6,85.6,0.9
10:32:14,52.4,85.7,0.9
10:32:17,33.1,85.1,0.9
10:32:20,38.8,84.7,0.9
10:32:23,31.6,84.6,0.9
10:32:26,29.7,84.5,0.9
10:32:29,36.7,84.4,0.9
10:32:32,32.1,84.4,0.9
10:32:35,28.3,84.2,0.9
10:32:38,28.7,84.2,0.9
10:32:41,22.0,84.3,0.9
10:32:44,30.2,84.2,0.9
10:32:47,25.6,84.1,0.9
10:32:50,18.9,84.1,0.9
10:32:53,19.1,84.1,0.9
10:32:56,25.5,84.3,0.9
10:32:59,37.4,84.2,0.9
10:33:02,29.7,84.4,0.9
10:33:05,19.8,84.3,0.9
10:33:08,15.8,84.3,0.9
10:33:11,38.1,84.4,0.9
10:33:14,28.9,84.3,0.9
10:33:17,21.0,84.3,0.9
10:33:20,35.0,84.0,0.9
10:33:23,41.8,83.9,0.9
10:33:26,19.9,83.9,0.9
10:33:29,26.8,83.9,0.9
10:33:32,26.0,83.9,0.9
10:33:35,32.6,83.9,0.9
10:33:38,30.9,84.2,0.9
10:33:41,32.8,84.3,0.9
10:33:44,30.7,84.3,0.9
10:33:49,32.9,84.2,0.9
10:33:50,57.8,84.2,0.9
10:33:53,16.7,84.2,0.9
10:33:56,23.5,84.1,0.9
10:33:59,37.0,84.1,0.9
10:34:02,40.0,84.1,0.9
10:34:05,24.6,84.1,0.9
10:34:08,24.5,84.1,0.9
10:34:11,42.6,84.2,0.9
10:34:14,29.5,84.2,0.9
10:34:17,25.2,84.2,0.9
10:34:20,21.3,84.1,0.9
10:34:23,44.2,84.0,0.9
10:34:26,32.9,84.5,0.9
10:34:29,30.2,84.5,0.9
10:34:32,46.7,84.5,0.9
10:34:35,26.2,84.4,0.9
10:34:38,30.9,84.2,0.9
10:34:41,18.6,84.2,0.9
10:34:44,40.7,84.2,0.9
10:34:47,24.3,84.1,0.9
10:34:50,22.6,84.2,0.9
10:34:53,17.5,84.1,0.9
10:34:56,45.0,84.4,0.9
10:34:59,35.8,84.3,0.9
10:35:02,38.9,84.2,0.9
10:35:05,28.5,84.3,0.9
10:35:08,39.1,84.3,0.9
10:35:11,31.4,84.2,0.9
10:35:14,28.5,84.2,0.9
10:35:17,28.1,84.2,0.9
10:35:20,24.4,84.3,0.9
10:35:23,34.6,84.1,0.9
10:35:26,17.9,84.1,0.9
10:35:29,38.8,83.9,0.9
10:35:32,21.1,83.3,0.9
10:35:35,26.4,83.3,0.9
10:35:38,35.2,83.3,0.9
10:35:41,36.1,83.3,0.9
10:35:44,20.2,83.3,0.9
10:35:47,26.4,83.3,0.9
10:35:50,47.0,83.4,0.9
10:35:53,19.4,83.4,0.9
10:35:56,29.3,83.5,0.9
10:35:59,26.6,83.5,0.9
10:36:02,41.5,83.4,0.9
10:36:05,26.1,83.4,0.9
10:36:08,25.1,83.4,0.9
10:36:11,44.0,83.2,0.9
10:36:14,27.9,83.2,0.9
10:36:17,21.6,83.2,0.9
10:36:20,20.8,83.2,0.9
10:36:23,35.6,83.0,0.9
10:36:26,31.9,83.0,0.9
10:36:29,23.5,83.0,0.9
10:36:32,39.7,83.0,0.9
10:36:35,17.6,83.0,0.9
10:36:38,20.7,83.0,0.9
10:36:41,25.4,83.0,0.9
10:36:44,39.4,83.1,0.9
10:36:47,30.1,83.1,0.9
10:36:50,30.9,83.1,0.9
10:36:53,19.0,83.1,0.9
10:36:56,41.4,83.0,0.9
10:36:59,30.2,83.0,0.9
10:37:02,21.3,83.0,0.9
10:37:05,24.9,82.9,0.9
10:37:08,33.1,83.0,0.9
10:37:11,27.8,83.0,0.9
10:37:14,22.2,83.0,0.9
10:37:17,20.3,83.0,0.9
10:37:20,36.7,83.0,0.9
10:37:23,25.3,83.0,0.9
10:37:26,30.8,83.0,0.9
10:37:29,36.1,82.9,0.9
10:37:32,31.4,82.9,0.9
10:37:35,28.6,83.0,0.9
10:37:38,43.5,83.0,0.9
10:37:41,25.0,83.0,0.9
10:37:44,29.0,83.0,0.9
10:37:47,30.9,83.2,0.9
10:37:50,30.1,83.1,0.9
10:37:53,28.9,83.1,0.9
10:37:56,37.8,83.1,0.9
10:37:59,24.2,83.0,0.9
10:38:02,21.4,83.0,0.9
10:38:05,39.8,83.0,0.9
10:38:08,33.3,83.0,0.9
10:38:11,25.3,83.0,0.9
10:38:14,38.5,83.0,0.9
10:38:17,32.1,83.1,0.9
10:38:20,15.4,83.0,0.9
10:38:23,25.5,82.7,0.9
10:38:26,23.5,82.6,0.9
10:38:29,40.7,82.7,0.9
10:38:32,23.4,82.7,0.9
10:38:35,22.3,82.7,0.9
10:38:38,23.4,82.6,0.9
10:38:41,38.9,82.7,0.9
10:38:44,20.2,82.7,0.9
10:38:47,28.0,82.7,0.9
10:38:50,34.3,82.7,0.9
10:38:53,29.2,82.8,0.9
10:38:56,16.9,82.8,0.9
10:38:59,22.2,82.7,0.9
10:39:02,31.4,82.7,0.9
10:39:05,22.2,82.7,0.9
10:39:08,23.7,82.7,0.9
10:39:11,38.1,82.7,0.9
10:39:15,53.6,82.7,0.9
10:39:18,26.2,82.7,0.9
10:39:21,30.5,82.5,0.9
10:39:24,40.2,82.5,0.9
10:39:27,29.3,82.5,0.9
10:39:30,22.1,82.5,0.9
10:39:33,62.3,82.8,0.9
10:39:36,54.3,83.4,0.9
10:39:39,41.6,82.5,0.9
10:39:42,55.7,84.5,0.9
10:39:45,68.6,86.4,0.9
10:39:49,68.3,87.2,0.9
10:39:51,67.6,88.1,0.9
10:39:54,67.8,88.5,0.9
10:39:57,65.9,89.7,0.9
10:40:00,49.2,89.9,0.9
10:40:03,48.5,89.9,0.9
10:40:06,41.2,88.9,0.9
10:40:09,46.7,89.6,0.9
10:40:38,51.7,88.1,0.9
10:41:38,21.5,85.7,0.9
10:42:38,20.9,84.6,0.9
10:43:38,13.9,84.2,0.9
10:44:38,26.0,86.7,0.9
10:44:46,36.6,88.0,0.9
10:44:47,29.0,87.9,0.9
10:44:50,31.2,87.8,0.9
10:44:53,41.6,87.4,0.9
10:44:56,27.4,87.2,0.9
10:44:59,23.4,87.3,0.9
10:45:03,19.1,87.0,0.9
10:45:06,21.5,87.1,0.9
10:45:09,56.7,86.9,0.9
10:45:12,34.5,86.9,0.9
10:45:15,26.9,87.0,0.9
10:45:18,19.4,87.0,0.9
10:45:21,35.4,87.4,0.9
10:45:24,17.4,86.4,0.9
10:45:27,36.2,86.3,0.9
10:45:30,36.1,86.4,0.9
10:45:33,83.3,85.7,0.9
10:45:36,64.1,87.4,0.9
10:45:39,61.4,93.2,0.9
10:45:42,76.5,98.4,0.9
10:45:45,57.2,94.1,0.9
10:45:48,44.5,91.8,0.9
10:45:51,59.1,91.7,0.9
10:45:54,44.3,90.4,0.9
10:45:57,44.5,86.4,0.9
10:46:00,26.1,86.0,0.9
10:46:38,48.6,90.0,0.9
10:47:34,50.4,74.0,0.9
10:47:35,40.1,74.1,0.9
10:47:38,45.1,74.1,0.9
10:47:41,37.0,73.9,0.9
10:47:44,25.7,73.8,0.9
10:47:47,27.8,73.8,0.9
10:47:50,50.9,74.0,0.9
10:47:53,45.1,74.2,0.9
10:47:56,29.3,74.1,0.9
10:47:59,21.3,74.2,0.9
10:48:02,30.4,74.2,0.9
10:48:05,65.6,75.9,0.9
10:48:08,33.3,75.7,0.9
10:48:11,42.4,75.7,0.9
10:48:15,28.0,75.5,0.9
10:48:18,71.1,75.6,0.9
10:48:21,31.8,75.6,0.9
10:48:24,33.3,75.3,0.9
10:48:27,30.3,75.6,0.9
10:48:30,58.8,76.0,0.9
10:48:33,24.7,77.0,0.9
10:48:36,44.2,77.4,0.9
10:48:39,42.0,77.6,0.9
10:48:42,34.9,77.6,0.9
10:48:45,27.5,77.8,0.9
10:48:48,39.9,68.5,0.9
10:48:51,48.0,65.3,0.9
10:48:54,35.7,65.4,0.9
10:48:57,14.3,65.4,0.9
10:49:00,21.4,64.9,0.9
10:49:03,21.7,64.7,0.9
10:49:06,31.7,64.6,0.9
10:49:09,25.1,64.4,0.9
10:49:12,46.4,64.7,0.9
10:49:38,27.9,67.0,0.9
10:50:38,23.5,66.8,0.9
10:50:45,24.6,66.8,0.9
10:50:45,25.0,66.8,0.9
10:50:48,19.8,66.9,0.9
10:50:52,23.3,66.9,0.9
10:50:55,40.1,66.9,0.9
10:50:58,38.1,66.7,0.9
10:51:01,32.2,66.7,0.9
10:51:04,16.7,66.8,0.9
10:51:07,16.0,66.8,0.9
10:51:10,16.1,66.8,0.9
10:51:13,23.3,66.9,0.9
10:51:16,28.5,66.8,0.9
10:51:19,43.9,67.0,0.9
10:51:22,23.7,67.3,0.9
10:51:25,41.3,67.3,0.9
10:51:28,29.5,67.3,0.9
10:51:31,55.2,67.5,0.9
10:51:34,17.4,68.0,0.9
10:51:37,20.9,68.0,0.9
10:51:40,27.6,67.9,0.9
10:51:43,38.2,67.9,0.9
10:51:46,36.0,68.4,0.9
10:51:49,57.7,68.8,0.9
10:52:38,25.4,70.0,0.9
10:53:26,42.9,68.2,0.9
10:53:27,50.9,68.5,0.9
10:53:30,34.8,68.4,0.9
10:53:33,33.6,68.7,0.9
10:53:37,22.7,69.1,0.9
10:53:40,26.4,69.0,0.9
10:53:43,31.4,68.9,0.9
10:53:46,71.8,66.6,0.9
10:53:49,36.6,65.4,0.9
10:53:52,44.7,65.3,0.9
10:53:55,22.0,65.2,0.9
10:53:58,22.9,65.7,0.9
10:54:01,36.4,66.0,0.9
10:54:04,40.3,66.4,0.9
10:54:07,39.6,66.5,0.9
10:54:10,20.8,65.5,0.9
10:54:13,30.5,65.8,0.9
10:54:16,26.2,65.7,0.9
10:54:19,33.1,65.0,0.9
10:54:22,21.1,65.0,0.9
10:54:25,45.7,65.0,0.9
10:54:28,41.6,65.7,0.9
10:54:31,28.0,65.5,0.9
10:54:34,23.6,65.3,0.9
10:54:38,41.4,64.8,0.9
10:55:38,41.9,65.3,0.9
10:56:38,34.7,66.4,0.9
10:57:38,12.1,68.5,0.9
10:58:38,12.7,67.7,0.9
10:59:38,28.4,69.3,0.9
11:00:38,23.5,70.2,0.9
11:01:38,32.8,71.5,0.9
11:02:38,41.4,70.1,0.9
11:03:38,27.8,71.2,0.9
11:04:38,16.8,71.1,0.9
11:05:38,36.9,73.5,0.9
11:06:38,34.1,71.7,0.9
11:07:38,19.0,71.0,0.9
11:08:38,30.2,71.2,0.9
11:09:38,17.9,71.7,0.9
11:10:38,52.5,72.7,0.9
